Module,Member_genes
Mic1,"[AAMP, AASDHPPT, ABRACL, ACAD8, ACOT7, ACTG1, ADCYAP1, AIP, AKT1, ALG10B, ALKBH7, ANAPC13, ANAPC15, AP1S1, AP2S1, APRT, ARF3, ARHGDIG, ARHGEF25, ARL16, ARL2, ARMCX1, ARPC1A, ARPC5L, ASCL1, ATG101, ATN1, ATP1A3, ATP1B1, ATP6V1G1, ATRAID, B4GALT7, BLOC1S4, BNIP3, BORCS8, BTBD6, C1QBP, C1orf115, C1orf122, C1orf35, C5orf24, C6orf136, CALB1, CALB2, CALM3, CAMK1, CAMK2N1, CAMK2N2, CCDC106, CCDC115, CCT7, CD200, CD9, CDC37, CDK5R1, CENPV, CENPX, CETN2, CFL1, CHGA, CHMP2A, CITED2, CITED4, CLDND1, CLTB, CLU, COA3, COMMD3, COPE, COPS8, CPE, CREB3, CSPG5, CTBP1, CUEDC2, CWC15, CXCL14, CYC1, DAZAP2, DCK, DCTN6, DCTPP1, DCXR, DDX24, DDX54, DHPS, DNAJC8, DUT, DYNLT3, EEF1A2, EEF1E1, EID1, EID2B, EIF1AX, EIF1B, EIF2S2, EIF4A2, EMC7, ENHO, ENO1, EXOSC4, F8A1, FAM162A, FAM89B, FBXL16, FEZ1, FKBP1A, FUNDC1, FXYD1, GHITM, GJA1, GLRX5, GLUL, GNAS, GNB2, GPRASP2, GSTM3, GSTO1, GTF2A2, GTF2H5, GUK1, HCFC1R1, HEY1, HIGD1A, HMGB1, HNRNPK, HPS6, HSD11B1L, HSPA2, IER3IP1, IFT22, ILF2, INAFM1, INPP5E, IRF2BPL, ISCA2, ISYNA1, ITM2C, JUND, KIF22, LAMTOR4, LAMTOR5, LARP6, LDHA, LDHB, LGALS3, LIN7B, LY6E, LYRM9, MAFG, MAGED2, MAGEH1, MAL2, MAP1LC3B, MAT2B, MDH2, MEA1, MEAF6, MED19, MED31, MLF2, MLLT11, MOAP1, MOB4, MOCS2, MORF4L2, MPG, MPND, MRPL10, MRPL2, MRPL20, MRPL24, MRPL40, MRPL41, MRPL44, MRPL51, MRPS12, MRPS15, MRPS18C, MRPS21, MRPS26, MRPS34, MT1F, MT1H, MT2A, MTA1, MYL6B, MZT2B, NAP1L2, NAP1L3, NAP1L5, NDN, NDUFA6, NDUFB5, NECAP1, NEU1, NEUROD6, NIT1, NKAPL, NPRL2, NPTN, NPTX2, NRN1, NTHL1, NUCKS1, NUDC, NUDT11, NUDT16L1, OAT, OLIG1, OMG, PACSIN1, PAFAH1B3, PCBP2, PCDH8, PEBP1, PEX19, PFDN6, PFN2, PGAM1, PGRMC1, PHB2, PHF1, PHGDH, PIN1, PNKD, PNMA1, PNMA2, POLE3, POLR2H, POP7, PPP1CB, PPP1R14A, PPP1R1B, PPP2CA, PPP2CB, PRADC1, PRKAR1A, PRMT1, PRNP, PSIP1, PSMB4, PSMB5, PSMD8, PTMS, PYCR2, RAB3A, RBM8A, RCN2, RFK, RFXANK, RGL2, RGS4, RNASEH2C, RND1, RNF44, RNF7, RPL21, RPL26L1, RPL35A, RPL4, RRAGA, RTF1, RTN1, RTN3, RWDD1, S100B, SAP18, SBDS, SCOC, SDHAF2, SEC11C, SEC62, SELENOW, SERP2, SERPINE2, SERPINF1, SERPINI1, SF3B4, SF3B5, SLC12A5, SLC25A22, SLC25A3, SLC25A4, SLC39A13, SLITRK2, SMIM29, SNAP25, SNAPC5, SNN, SNRNP25, SNRNP27, SNRPB, SNRPE, SNRPF, SNU13, SOWAHA, SPINT2, SPR, SRI, SRP9, SRSF2, SSNA1, STK11, STMN2, STRAP, SUB1, SUMO1, SUMO3, TAF10, TCEA2, TCEAL1, TCEAL8, TCEAL9, TERF2IP, TGFBR3L, THOC7, TIMM13, TIMM8B, TKFC, TM2D3, TMED2, TMED7, TMEM126A, TMEM126B, TMEM141, TMEM14B, TMEM14C, TMEM160, TMEM18, TMEM205, TMEM47, TMEM59, TMEM59L, TMEM60, TOB1, TOLLIP, TOMM22, TRAPPC4, TSPAN13, TSPAN7, TSPYL1, TTC9B, TUBA1A, TUBB4B, TWF2, U2AF1L4, UBE2M, UBE2T, UBL7, UBXN1, UFC1, UQCC2, UQCRB, USE1, VKORC1, VPS25, VSNL1, VSTM2B, WBP2, WDR54, YIF1A, YJEFN3, YWHAZ, ZDHHC8, ZFAND5, ZMYM3, ZNF32, ZNHIT1]"
Mic2,"[AACS, ABCA10, ABCA3, ABCA5, ABCA6, ABCA9, ABCB9, ABCC9, ABCD2, ABI2, ABI3BP, ABLIM1, ABLIM2, ABLIM3, ACOT11, ACSBG1, ACSS3, ACTN1, ACTN2, ACVR1C, ACVR2A, ADAM22, ADAM23, ADAMTS16, ADAMTS19, ADAMTS3, ADAMTS6, ADAMTSL1, ADARB1, ADARB2, ADCY1, ADCY2, ADCY5, ADCY8, ADCY9, ADCYAP1R1, ADD2, ADD3, ADGRB3, ADGRL1, ADGRL2, ADGRL3, ADORA1, AEBP2, AFF2, AFF3, AFG1L, AGAP1, AGBL1, AGBL4, AGPAT4, AHCYL1, AHI1, AIFM2, AJAP1, AK5, AKAP12, AKAP5, AKAP6, AKAP8L, ALDH1L1, ALDH5A1, ALG14, ALK, ALS2, AMD1, AMER2, AMMECR1, AMPH, ANGPT1, ANK2, ANK3, ANKFN1, ANKRD12, ANKRD16, ANKRD28, ANKRD29, ANKRD30B, ANKRD30BL, ANKRD33B, ANKRD36B, ANKRD36C, ANKRD54, ANKRD7, ANKS1B, ANKS6, ANO3, ANO4, ANO5, ANTXR2, ANXA11, AP3B2, AP3S2, AP5M1, APBA2, APBB2, APC, API5, APOL1, AQP4, AQP9, ARFGEF3, ARHGAP10, ARHGAP28, ARHGAP32, ARHGAP33, ARHGAP39, ARHGAP44, ARHGAP5, ARHGEF26, ARHGEF28, ARHGEF3, ARHGEF4, ARHGEF9, ARL6, ARMC9, ARNT2, ARPP21, ARRDC4, ART3, ASAP2, ASB8, ASIC2, ASTN1, ASTN2, ASXL3, ATCAY, ATL1, ATMIN, ATP1A2, ATP2B1, ATP2B2, ATP2B3, ATP6V1H, ATP8A1, ATP8A2, ATP8B2, ATP9A, ATRNL1, ATRX, B3GALNT1, B3GALT2, B3GLCT, B4GALNT3, B4GALT2, BAALC, BACH2, BAIAP2, BBOF1, BBS2, BCAP29, BCAS1, BCL11A, BCL9, BDNF, BEND6, BICC1, BICDL1, BMP1, BMPER, BRINP1, BRINP2, BRINP3, BSN, BTBD3, BTBD9, C11orf87, C16orf95, C1QL3, C1orf198, C1orf21, C2orf72, C4orf50, C8orf34, CA10, CA3, CA4, CABP1, CACHD1, CACNA1A, CACNA1B, CACNA1C, CACNA1E, CACNA1I, CACNA2D1, CACNA2D3, CACNB1, CACNB2, CACNG2, CACNG3, CACNG7, CACNG8, CADM1, CADM2, CADPS, CADPS2, CALCRL, CALN1, CAMK2G, CAMK4, CAMKK1, CAMKK2, CAMSAP2, CAMSAP3, CAMTA1, CAND1, CAP2, CAPS, CASD1, CAV3, CBLN2, CBX5, CC2D1A, CCBE1, CCDC148, CCDC168, CCDC24, CCDC3, CCDC6, CCDC68, CCDC82, CCDC88C, CCND2, CCNI, CCSER1, CDC25B, CDC42BPA, CDC7, CDH10, CDH11, CDH12, CDH13, CDH18, CDH2, CDH20, CDH22, CDH4, CDH6, CDH7, CDH8, CDH9, CDHR3, CDK14, CDKL1, CDKL2, CDKL5, CDON, CDS2, CDYL2, CELF4, CELF5, CEP112, CEP126, CEP170B, CEP290, CEP70, CEP97, CERS6, CES4A, CFAP221, CFAP44, CFAP46, CFAP52, CFAP54, CFAP69, CFAP70, CHIC1, CHL1, CHML, CHODL, CHPT1, CHRM2, CHRM3, CHRNA5, CHST10, CHST9, CHSY3, CIT, CLASP2, CLCN4, CLDN11, CLEC2L, CLIP4, CLSTN2, CLSTN3, CLVS1, CLVS2, CMTM4, CMTR1, CMYA5, CNKSR2, CNNM1, CNTN1, CNTN2, CNTN3, CNTN4, CNTN5, CNTN6, CNTNAP2, CNTNAP3, CNTNAP3B, CNTNAP4, CNTNAP5, COASY, COBL, COBLL1, COG6, COL10A1, COL11A1, COL12A1, COL19A1, COL21A1, COL26A1, COL28A1, COL4A5, COL5A2, COL6A1, COLGALT2, CORO2B, CPD, CPEB1, CPNE3, CPNE4, CPNE8, CPOX, CPT1C, CRB1, CRBN, CREG2, CRIM1, CRTAC1, CRTC3, CSDE1, CSMD1, CSMD2, CSMD3, CSRNP3, CTDSPL, CTIF, CTNNA2, CTNNA3, CTNNAL1, CTNND2, CTTN, CUBN, CUX2, CWC22, CYB561, CYP2U1, CYP7B1, CYYR1, DAAM2, DAB1, DACH1, DAPK1, DCAF4L1, DCC, DCDC1, DCHS2, DCLK1, DCLK2, DCUN1D2, DCUN1D4, DCX, DDHD2, DDR1, DDX23, DDX25, DENND5B, DGKB, DGKE, DGKG, DGKH, DGKI, DGKZ, DIP2C, DISP2, DISP3, DIXDC1, DLC1, DLD, DLG2, DLG3, DLGAP1, DLGAP2, DLGAP3, DMD, DMGDH, DNAAF5, DNAH14, DNAH6, DNAH7, DNAH9, DNAJC25, DNAJC6, DNAL1, DNM1L, DNM3, DOCK3, DOCK9, DOK5, DOK6, DPF1, DPM1, DPP10, DPP6, DPY19L2, DPYSL2, DPYSL3, DPYSL5, DRP2, DSCAM, DSCAML1, DSEL, DSG2, DST, DTNA, DTWD1, DTX1, DTX4, DUSP19, DYNC1H1, DYNC1I1, DYNC1I2, DYNC1LI2, DYNC2H1, DYNC2LI1, DZIP1, DZIP3, EBAG9, ECE1, ECE2, EDIL3, EFCAB5, EFCAB6, EFNA5, EFNB2, EFR3B, EGFR, EHBP1, EIF2AK1, EIF4E3, EIF4G2, EIF5A2, ELAVL2, ELAVL3, ELAVL4, ELMOD1, ELOVL1, ELOVL4, ELOVL6, ELOVL7, ELP5, ELP6, EML6, EMP1, ENAH, ENOX1, ENSA, ENTPD3, EPB41L1, EPB41L4B, EPB41L5, EPHA3, EPHA4, EPHA5, EPHA6, EPHA7, EPHB1, EPHB6, EPHX1, EPHX4, EPM2AIP1, ERBB4, ERCC2, ERGIC2, ERICH3, EXD2, EXTL3, EYA1, FAAH2, FAM135B, FAM13C, FAM153A, FAM169A, FAM171A1, FAM171B, FAM184A, FAM210B, FAM217B, FAM234B, FAM32A, FAM78B, FAM81A, FANCL, FASTKD2, FAT3, FAT4, FAXC, FBN1, FBXL13, FBXL2, FBXO16, FBXO21, FBXO22, FBXO27, FBXO32, FGF12, FGF14, FGF9, FGFR2, FHL2, FHOD3, FIGN, FLII, FLNB, FLRT2, FMN2, FMR1, FOCAD, FOXRED1, FRAS1, FRMD5, FRMD6, FRMPD4, FRRS1L, FRY, FSD1L, FSIP1, FSTL4, FSTL5, FUT9, FXR2, FZD3, GABBR1, GABBR2, GABRA2, GABRA3, GABRA4, GABRA6, GABRB1, GABRB2, GABRB3, GABRG2, GABRG3, GAD2, GALNT11, GALNT13, GALNT14, GALNT16, GALNT18, GALNT9, GALNTL6, GARNL3, GAS2, GCDH, GDA, GDAP1, GDE1, GFAP, GFOD1, GFRA2, GHR, GIT1, GLB1L3, GLDC, GLIS1, GLMN, GLRA2, GLRA3, GLRB, GLS2, GMCL1, GMPPA, GNAL, GNAO1, GNB5, GNRHR, GOLGA8B, GOLM1, GPALPP1, GPC5, GPC6, GPHN, GPI, GPLD1, GPR149, GPR158, GPR162, GPR173, GPR176, GPR35, GPR37, GPR63, GRAMD1C, GRB10, GRB14, GREB1, GREB1L, GRIA1, GRIA2, GRIA3, GRIA4, GRID1, GRIK2, GRIK4, GRIN2A, GRIN2B, GRIP1, GRK4, GRM1, GRM3, GRM5, GRM7, GRM8, GSG1L, GSTM5, GSTO2, GTF2A1, GUCY1A2, GULP1, HABP4, HACL1, HCFC2, HCN1, HCN2, HECW1, HECW2, HES1, HGFAC, HHIP, HID1, HIF3A, HIP1R, HLF, HMGCLL1, HOOK1, HS3ST2, HS3ST5, HS6ST2, HS6ST3, HSPA12A, HSPA4L, HTR1E, HTR2A, HTR4, HUNK, HYDIN, ICA1L, ICMT, IFT172, IFT57, IFT80, IGF1R, IGFBP5, IGFL4, IGSF11, IGSF3, IGSF9B, IL1RAPL1, IL1RAPL2, IL34, ILDR2, ILVBL, INPP4B, INTS7, INTU, IPO5, IQCA1, IQCJ.SCHIP1, IQSEC2, IQSEC3, IRAK1BP1, IRS1, ITGA8, IZUMO4, JAKMIP1, JAKMIP2, JAKMIP3, JAM3, JMY, JPH1, JPH3, JPH4, KALRN, KANK1, KAT8, KATNAL1, KAZN, KBTBD11, KBTBD7, KCNA1, KCNA2, KCNAB1, KCNB1, KCNB2, KCNC1, KCNC2, KCND2, KCND3, KCNH1, KCNH5, KCNH7, KCNIP4, KCNJ3, KCNJ6, KCNK1, KCNK10, KCNN1, KCNN2, KCNN3, KCNQ5, KCNT2, KCTD1, KCTD16, KCTD3, KCTD8, KHDRBS2, KIAA0319, KIAA0930, KIAA1217, KIAA1549, KIAA1549L, KIAA1671, KIAA1958, KIF1B, KIF21A, KIF3A, KIF3B, KIF3C, KIF5C, KIFAP3, KIRREL3, KITLG, KLF12, KLHL23, KLHL29, KLHL32, KLHL4, KLHL42, KSR2, L2HGDH, LAMA2, LAMA3, LAMA4, LAMB1, LAMC1, LANCL2, LARP1B, LCA5, LCLAT1, LDB1, LDB2, LDB3, LGI1, LGI3, LHFPL4, LHX2, LIFR, LIMCH1, LIN28B, LIN7A, LINC02210.CRHR1, LINGO2, LMBRD1, LMNA, LMO3, LMO7, LMTK2, LNPK, LNX1, LONRF2, LPIN1, LRCH2, LRFN2, LRFN5, LRP11, LRP1B, LRP4, LRP6, LRPPRC, LRRC17, LRRC39, LRRC49, LRRC4B, LRRC4C, LRRC7, LRRC8B, LRRIQ1, LRRN1, LRRN2, LRRN3, LRRTM3, LRRTM4, LRTM1, LSAMP, LSM2, LTBP1, LUZP2, LYG1, LYPD6, LYRM7, LZTS1, LZTS3, MADD, MAGED1, MAGI1, MAGI2, MAGI3, MAMLD1, MAN1A2, MAP2, MAP2K4, MAP3K13, MAP6, MAP7, MAPK1, MAPK10, MAPK4, MAPK8, MAPK8IP3, MAPRE2, MAPT, MARK1, MARK4, MAST1, MAST4, MATR3, MBOAT2, MCHR2, MCM4, MCTP1, MDGA2, ME1, ME3, MED16, MED24, MEIS2, METTL14, MFAP3, MFGE8, MFSD6, MGAT3, MGAT4C, MGAT5B, MICAL2, MICAL3, MIGA1, MIPOL1, MLH1, MLIP, MLLT3, MMD2, MMP16, MNAT1, MOBP, MOK, MORN4, MPDZ, MPP7, MPPED1, MPPED2, MSH2, MSH4, MSRA, MSRB3, MT.ATP6, MT.ATP8, MT.CO1, MT.CO2, MT.CO3, MT.CYB, MT.ND1, MT.ND2, MT.ND4, MT.ND4L, MT.ND5, MTCL1, MTCP1, MTHFD2L, MTMR7, MTUS2, MTX2, MXI1, MYBPC1, MYBPHL, MYEF2, MYH10, MYH14, MYO16, MYO1B, MYO1D, MYO5C, MYO6, MYO9A, MYRIP, MYSM1, MYT1L, NAALAD2, NAGPA, NALCN, NBEA, NBPF3, NCALD, NCAM1, NCAM2, NCBP1, NCEH1, NCKAP1, NCOA7, NDRG1, NDRG3, NDST3, NDUFA10, NDUFS1, NDUFS2, NDUFS4, NEBL, NECTIN1, NECTIN3, NEFM, NEGR1, NELFA, NELL1, NELL2, NEO1, NEPRO, NETO1, NEURL1, NEUROD2, NFASC, NFIB, NFXL1, NHS, NHSL2, NIM1K, NIN, NISCH, NKAIN2, NLGN1, NLGN4X, NME5, NME7, NMNAT2, NMRAL1, NOL4, NOS1AP, NOVA1, NPAS2, NPAS3, NPFFR2, NPHP1, NPHP4, NPM2, NRCAM, NRG1, NRG2, NRG3, NRG4, NRSN1, NRXN1, NRXN2, NRXN3, NSD3, NSF, NT5DC3, NTM, NTN4, NTNG1, NTRK2, NTRK3, NUCB2, NUP133, NWD2, NXPE3, NYAP2, OCA2, OCRL, ODF2L, OGDHL, OLFM2, OLFM3, OPCML, OPHN1, ORMDL3, OSBP2, OSBPL10, OSBPL5, OSBPL7, OSBPL8, OTOGL, OTUD7A, OTUD7B, OXCT1, P4HA2, PACRG, PAK3, PAK5, PALM, PAM, PAMR1, PANK3, PARD3, PARM1, PARVA, PATJ, PAX5, PBX1, PCDH10, PCDH11X, PCDH11Y, PCDH17, PCDH19, PCDH7, PCDH9, PCLO, PCNT, PCSK1, PCSK2, PCSK6, PCYOX1, PCYT1B, PDE10A, PDE1A, PDE1C, PDE4D, PDE5A, PDE7B, PDE8B, PDHX, PDIA2, PDZD2, PDZRN3, PDZRN4, PER2, PEX5L, PGBD5, PGM3, PHACTR1, PHACTR3, PHF21B, PHLPP2, PIAS3, PIGQ, PIGU, PITPNC1, PITPNM2, PITPNM3, PJA2, PKIG, PKNOX2, PKP2, PKP4, PLCB1, PLCB4, PLCG1, PLCH1, PLD5, PLEKHA1, PLEKHA5, PLEKHA6, PLEKHG1, PLEKHJ1, PLPP3, PLPPR1, PLPPR4, PLPPR5, PLS3, PLSCR4, PLXNA4, PMS2, PNPLA7, POLR3F, POMGNT1, POU6F2, PPARGC1A, PPFIA2, PPFIA3, PPFIA4, PPFIBP1, PPL, PPM1A, PPM1E, PPM1H, PPM1L, PPME1, PPP1R12B, PPP1R13B, PPP1R14C, PPP1R16B, PPP1R9A, PPP2R2B, PPP2R2C, PPP2R5B, PPP2R5E, PPP3CA, PPP4R4, PPP5C, PRB2, PRDM5, PREX2, PRICKLE1, PRICKLE2, PRKAA2, PRKAR2B, PRKCE, PRKCI, PRKD1, PRKG1, PRKG2, PRMT8, PRPF18, PRRX1, PRSS23, PRUNE2, PSD3, PSRC1, PTCH2, PTCHD1, PTK2, PTK2B, PTPA, PTPN13, PTPN5, PTPRD, PTPRF, PTPRG, PTPRK, PTPRN2, PTPRO, PTPRR, PTPRS, PTPRT, PTPRZ1, PTRH1, PURG, PWP1, PWWP2B, PXYLP1, PYCR3, R3HDM1, RAB11FIP3, RAB11FIP4, RAB15, RAB27B, RAB30, RAB3IP, RAB40B, RAD18, RAD9A, RAI2, RALGPS1, RALYL, RANBP17, RANBP3L, RANGAP1, RAPGEF4, RAPGEF5, RARB, RASAL1, RASD2, RASGEF1A, RASGRF1, RASGRF2, RAVER2, RBFOX1, RBFOX2, RBFOX3, RCAN2, REEP1, RERG, RETREG1, RFLNA, RGS17, RGS20, RGS6, RGS7, RGS7BP, RHBDL3, RHOBTB3, RHOJ, RIC3, RIMBP2, RIMKLA, RIMS1, RIMS2, RIT2, RNF103.CHMP3, RNF139, RNF144A, RNF157, RNF180, RNF220, RNF24, RNF8, RNFT2, ROBO1, ROBO2, ROCK2, RORA, RORB, RPGRIP1L, RPRD1A, RPS6KA6, RRAS2, RSPH1, RSPO2, RTKN2, RTL5, RTN2, RUNDC3B, RUNX1T1, RUSC2, RWDD2B, RXFP1, RYR2, SACS, SAMM50, SASH1, SATB2, SCN1A, SCN2A, SCN3A, SCN8A, SEC14L5, SECISBP2L, SEMA3A, SEMA3C, SEMA6C, SEMA6D, SEMA7A, SESTD1, SEZ6L, SFXN5, SGCD, SGCE, SGCZ, SGIP1, SGPP2, SGSM1, SGTA, SGTB, SH3BGRL2, SH3D19, SH3GL2, SH3GL3, SH3PXD2A, SHANK1, SHANK2, SHC3, SHISA6, SHISA7, SHISA9, SHROOM3, SIDT1, SIN3B, SIRT5, SLAIN1, SLC12A2, SLC13A3, SLC14A1, SLC16A2, SLC16A7, SLC17A6, SLC1A1, SLC22A10, SLC22A15, SLC24A2, SLC24A3, SLC24A4, SLC25A12, SLC25A14, SLC25A23, SLC25A27, SLC25A36, SLC26A4, SLC2A11, SLC30A9, SLC35B4, SLC35F1, SLC35F3, SLC35F4, SLC38A1, SLC38A6, SLC39A10, SLC39A9, SLC44A1, SLC44A5, SLC4A10, SLC4A4, SLC6A1, SLC6A11, SLC6A15, SLC6A17, SLC7A11, SLC7A14, SLC7A2, SLC8A3, SLC9A1, SLCO1A2, SLCO3A1, SLF1, SLIT1, SLIT2, SLIT3, SLITRK4, SLITRK5, SLU7, SMAD1, SMAD9, SMC6, SMOC1, SMPD3, SMYD2, SNAP91, SNCAIP, SNED1, SNRPN, SNTB2, SNTG1, SNX32, SOBP, SORBS1, SORBS2, SORCS1, SORCS2, SORCS3, SOX5, SPAG16, SPATA6L, SPATA7, SPHKAP, SPICE1, SPIN3, SPOCK1, SPOCK3, SPRN, SPTAN1, SPTBN1, SPTBN4, SRCIN1, SREK1, SRPK2, SRRM3, SRRM4, SRSF11, SSBP3, SSRP1, SSTR2, SSX2IP, ST3GAL4, ST6GAL2, ST6GALNAC5, ST7, ST8SIA1, ST8SIA3, ST8SIA5, STARD7, STK33, STK39, STOML1, STOX2, STRIP2, STUM, STXBP5, STXBP5L, STXBP6, STYK1, SUGT1, SUN1, SUSD4, SV2B, SVEP1, SVOP, SYBU, SYCE1, SYN2, SYN3, SYNE1, SYNGAP1, SYNJ1, SYNJ2, SYNJ2BP, SYNPO2, SYNPR, SYT1, SYT11, SYT12, SYT13, SYT14, SYT16, SYT7, SYT9, SYTL2, TACC2, TAF4B, TARBP1, TBC1D19, TBC1D24, TBC1D32, TBX18, TCAF1, TCERG1L, TCFL5, TDRP, TEAD1, TENM1, TENM2, TENM3, TESPA1, TEX29, TEX9, TGFB2, THAP2, THRB, THSD4, THSD7A, THSD7B, TIMP3, TJP1, TMCO3, TMEFF2, TMEM108, TMEM132B, TMEM132C, TMEM132D, TMEM135, TMEM150C, TMEM167B, TMEM178A, TMEM178B, TMEM179, TMEM232, TMEM242, TMEM44, TMEM53, TMEM63C, TMEM64, TMEM67, TMOD2, TMTC1, TMTC2, TMTC3, TNFRSF25, TNIK, TNR, TNRC6A, TNRC6C, TOM1L2, TOX, TP53TG5, TPD52L1, TPRA1, TPST1, TRAK2, TRHDE, TRIM2, TRIM23, TRIM37, TRIM54, TRIM9, TRIQK, TRO, TRPC1, TRPC4, TRPC5, TRPM3, TSC1, TSC22D1, TSGA10, TSHZ2, TSHZ3, TSPAN3, TSPAN5, TTBK1, TTC23L, TTC3, TTC39B, TTC5, TTC6, TTC8, TTLL11, TTLL7, TTN, TUBE1, TUBGCP6, TUSC3, TXNL1, TYRO3, UBA5, UBAP1L, UBE2B, UBE2D4, UBE2E3, UBE2O, UBE2V2, UMODL1, UNC13A, UNC13C, UNC5C, UNC5D, UNC79, UNC80, UPP1, UPP2, USH2A, USP30, USP38, USP43, USP49, USP50, USP51, USP54, VARS2, VEGFB, VPS13A, VPS37C, VWA3A, VWA5A, VWA5B2, VWC2, VWC2L, WDR17, WDR19, WDR47, WDR82, WHRN, WNK2, WSCD2, WWC1, XKR4, ZBBX, ZBTB7C, ZC2HC1A, ZC3H12B, ZC3H13, ZDHHC11B, ZDHHC13, ZDHHC17, ZEB1, ZER1, ZFHX2, ZFP2, ZFP90, ZFPM2, ZFR2, ZFYVE28, ZHX3, ZKSCAN8, ZMAT4, ZNF135, ZNF213, ZNF248, ZNF273, ZNF280B, ZNF365, ZNF37A, ZNF382, ZNF385B, ZNF385D, ZNF420, ZNF441, ZNF462, ZNF471, ZNF483, ZNF487, ZNF493, ZNF519, ZNF521, ZNF536, ZNF540, ZNF544, ZNF583, ZNF585A, ZNF605, ZNF664, ZNF667, ZNF697, ZNF704, ZNF804B, ZNF827, ZNF831, ZNHIT6, ZNRF3, ZSCAN31, ZSWIM5]"
Mic3,"[AAMDC, AASS, ABAT, ABCC4, ABCC5, ABCD3, ACACB, ACAD10, ACAP2, ACBD4, ACBD6, ACCS, ACO1, ACP6, ACSS1, ACTA2, ACVR2B, ACYP2, ADAM10, ADAM12, ADAM28, ADAMTS10, ADCK1, ADCY7, ADGRA3, ADGRD1, ADHFE1, ADI1, ADK, ADORA3, ADRB1, AGA, AGER, AGL, AGPAT5, AHCYL2, AHDC1, AIG1, AK9, AKAP11, AKAP9, ALDH2, ALDH7A1, ALG1, ALG13, ALG6, AMDHD2, AMPD3, AMY2B, ANGEL1, ANGEL2, ANKAR, ANKH, ANKRD23, ANKRD55, ANKZF1, ANO6, AP1B1, AP4M1, APCDD1, APH1B, APIP, APOBEC3G, APOLD1, ARFIP1, ARHGAP15, ARHGAP19.SLIT1, ARHGAP21, ARHGAP24, ARHGAP27, ARHGAP35, ARHGDIB, ARHGEF37, ARID1B, ARID4A, ARL11, ARL5A, ARL6IP6, ARMCX4, ARNT, ARSD, ASAH1, ASCL2, ATE1, ATF7IP, ATG10, ATG13, ATG14, ATG16L2, ATG4C, ATP10D, ATP8B4, ATRN, ATXN3, ATXN7, AUH, AUTS2, AXL, BARD1, BAZ2B, BBS4, BBS9, BBX, BCKDHB, BET1, BLOC1S5, BLOC1S5.TXNDC5, BMP2K, BNIP3L, BOD1L1, BPTF, BRCA1, BRD3, BRWD1, BTBD8, BTN3A1, BTN3A2, BTN3A3, BVES, C11orf54, C12orf76, C15orf40, C1QTNF3.AMACR, C21orf91, C2CD2, C2CD5, C2orf68, C2orf76, C4orf33, C4orf36, C5, C5orf34, C5orf63, C6orf62, C8orf44.SGK3, CABLES1, CACNA1D, CACUL1, CALCB, CAPS2, CAPZB, CARD8, CARF, CASP6, CASP8AP2, CASS4, CAT, CATSPERE, CBFA2T2, CBL, CBX7, CC2D2B, CCDC112, CCDC117, CCDC122, CCDC125, CCDC136, CCDC146, CCDC15, CCDC170, CCDC171, CCDC18, CCDC191, CCDC28A, CCDC30, CCDC50, CCDC7, CCDC73, CCDC77, CCDC88A, CCDC90B, CCDC91, CCHCR1, CCNG2, CD200R1, CD300LF, CD302, CD33, CD37, CD4, CDC14A, CDK18, CDK5RAP2, CDKAL1, CDKN2A, CENPJ, CENPP, CENPQ, CEP120, CEP128, CEP162, CEP192, CEP44, CEP57L1, CETN3, CFD, CFLAR, CHD6, CHD9, CHIC2, CHST7, CIR1, CKAP2, CKLF, CLASP1, CLCN5, CLEC4A, CLHC1, CLK1, CLYBL, CMC1, CMKLR1, CMPK2, CMTR2, CNNM2, CNPY3, CNTLN, CNTRL, COG4, COL25A1, COL8A2, COMMD4, COPG2, COPS7B, COQ8A, COX15, COX18, CP, CPA6, CPEB2, CPNE2, CRADD, CRAMP1, CREB1, CREBBP, CREBRF, CREG1, CRHBP, CRHR2, CRLF3, CROT, CRTAP, CRYZ, CSF1R, CTBP2, CTBS, CTNNBIP1, CTPS2, CTSO, CTSS, CTTNBP2NL, CUEDC1, CUL4B, CWF19L2, CYB5R4, CYBB, CYBRD1, CYP27A1, CYP4V2, CYTH3, D2HGDH, DAAM1, DCAF12, DCAF17, DDX17, DDX59, DDX60, DECR1, DEGS1, DERA, DEXI, DHRS3, DHRS4, DHRS4L2, DHTKD1, DIAPH2, DLST, DMXL1, DNAJC10, DNASE1, DNASE2, DOCK4, DOK1, DPH6, DPY19L1, DRAM2, DTWD2, DUS4L, DUSP10, DUSP16, DUSP18, DUSP22, DYRK4, DYSF, EAPP, ECHDC2, EDA, EEA1, EEF1AKMT1, EEPD1, EFHC1, EHMT2, ELK3, ELMO1, ELP2, ELP4, EMB, EMID1, EML5, ENPP3, ENTPD1, EP300, EPB41L2, EPG5, EPHB2, EPHB3, ERBIN, ERCC4, ERI2, ERLIN2, ERMARD, ERV3.1, ESR1, ESRRG, ETAA1, ETV5, EVI5, EXOC1, EXOC4, EXOC6B, EYA2, EYS, EZH1, F8, FAF1, FAHD1, FAM117B, FAM120B, FAM135A, FAM13A, FAM149B1, FAM174B, FAM185A, FAM200A, FAM216A, FAM227B, FAM76A, FAM76B, FAM78A, FANCD2, FBF1, FBXL17, FBXL4, FBXO11, FBXO25, FBXO33, FBXO4, FBXO8, FBXW4, FCHO2, FCHSD1, FCHSD2, FER, FEZ2, FGD3, FGF2, FGGY, FGL2, FHIT, FIGNL1, FKBP9, FLI1, FLYWCH1, FN3K, FOXJ2, FOXO1, FOXO3, FOXP1, FOXP2, FOXP4, FRMD4B, FRRS1, FSIP2, FTCDNL1, FTO, FUT10, GAA, GAB1, GABPA, GABPB2, GALM, GALNT1, GANC, GAS2L3, GATAD1, GCC2, GDPD4, GET4, GIGYF1, GIMAP1, GIMAP2, GIMAP4, GIMAP5, GINM1, GIT2, GKAP1, GLIPR1L1, GM2A, GMFG, GNB4, GNG12, GNG2, GNPTAB, GOLGA1, GOLPH3L, GPCPD1, GPD1L, GPNMB, GPR137C, GPR161, GRK3, GRK5, GRN, GSAP, GSDMD, GSE1, GSTM4, GTF2E1, GTF2I, GYPC, HADH, HAUS1, HBG2, HBP1, HDAC5, HDAC8, HDAC9, HEATR5A, HEATR5B, HECA, HECTD2, HELLS, HELQ, HELZ, HENMT1, HERC1, HERC3, HERC5, HERPUD2, HEXA, HGF, HGSNAT, HHAT, HHEX, HIBADH, HLA.DMA, HLA.DMB, HLTF, HMGN3, HMGN5, HNMT, HOMER3, HP1BP3, HS6ST1, HSD17B11, ICA1, ICE2, IDNK, IFFO1, IFIH1, IFIT2, IFT74, IFT88, IKZF5, IL13RA1, IL16, IMMP2L, IMPACT, ING4, INO80E, INSC, INSR, INTS2, INTS3, IPMK, IQCG, IRF2, IRF2BP2, IRF3, ITFG1, ITFG2, ITGB3BP, ITPKB, ITPR1, IVD, JADE2, JAK2, JKAMP, KANSL1L, KAT14, KAT2B, KAT6B, KCNMB3, KCNMB4, KCTD13, KCTD18, KCTD5, KDM3A, KDM4A, KDM5A, KDM7A, KIAA1328, KIF15, KIF20B, KIF27, KIZ, KLF7, KLHDC1, KLHL24, KLHL36, KLRG1, KMT2A, KMT5B, KRBOX4, KRCC1, L3MBTL1, LACTB2, LARP7, LCORL, LDLRAP1, LEKR1, LENG8, LEPR, LEPROT, LEPROTL1, LGALS9, LGR4, LHFPL2, LIN9, LIPA, LMF1, LONP2, LOXL3, LPAR2, LPCAT2, LRBA, LRCH1, LRIG1, LRMDA, LRP3, LRRC27, LRRC28, LRRC34, LRRC37A2, LRRC37A3, LRRC37B, LRRC4, LRRC8C, LRRCC1, LRRD1, LSM14B, LSS, LTBP3, LURAP1, LYPLAL1, M1AP, MACROD2, MAK, MALRD1, MAML2, MAML3, MANBA, MANEA, MAP2K5, MAP3K1, MAP3K14, MAP3K3, MAP3K4, MAP4K2, MARCKS, MARF1, MARVELD1, MBD5, MBNL1, MBNL3, MBTD1, MCCC1, MCEE, MCM8, MCMDC2, MDM1, MDM4, MED13L, MEF2C, MEMO1, MEST, METTL15, METTL21A, METTL25, METTL9, MGLL, MGME1, MGMT, MGST2, MICU3, MID1, MINDY1, MINPP1, MIPEP, MKLN1, MLLT6, MLYCD, MMP2, MMS22L, MNDA, MOV10, MRE11, MRNIP, MS4A14, MS4A7, MSI2, MSS51, MTA3, MTAP, MTERF4, MTHFD1L, MTHFSD, MTMR10, MTMR8, MTRF1, MVB12A, MVB12B, MYCBP2, MYO15B, MYO1F, MYO5A, MYO5B, MYOM1, N4BP2, N4BP2L1, N4BP2L2, NAALADL2, NAGK, NAGLU, NAV1, NBPF1, NBPF11, NBPF12, NBPF14, NBPF15, NBR1, NCAPD2, NCAPD3, NCF1, NCK1, NCOA4, NCOA5, NDE1, NEDD1, NEDD4L, NEK1, NEK7, NEMP1, NFATC3, NFIA, NFS1, NFYB, NFYC, NHLRC2, NHLRC3, NHSL1, NIPAL3, NIPBL, NIPSNAP3B, NKTR, NKX2.2, NLRC4, NLRP3, NMNAT3, NMRK1, NMT2, NOD1, NPAT, NPHP3, NPIPB4, NPL, NPY1R, NR1D2, NR2C2, NR3C2, NRBP2, NRIP1, NTPCR, NUAK1, NUB1, NUBPL, NUDT2, NUDT6, NUF2, NUP37, OBSCN, OFD1, OGFRL1, OLFML2B, ORC6, OSBPL1A, OSBPL3, OSER1, OSGEPL1, OXR1, P2RX7, P2RY8, P3H1, PAAF1, PACRGL, PACS2, PAFAH2, PAIP2B, PALB2, PALD1, PAN2, PANK2, PAOX, PAPLN, PAPOLA, PARD3B, PARN, PARP11, PARP16, PARP8, PASK, PATL2, PATZ1, PBX3, PBXIP1, PCBP3, PCCA, PCED1B, PCIF1, PCM1, PCMTD1, PCMTD2, PDCD1LG2, PDCD4, PDE6D, PDSS2, PECAM1, PECR, PER3, PEX1, PEX2, PEX7, PFKFB2, PGAM2, PGGHG, PGM2, PHC3, PHF11, PHF14, PHF3, PHF7, PHLPP1, PHYH, PIAS2, PIBF1, PID1, PIEZO1, PIGB, PIGC, PIGF, PIGK, PIGM, PIGN, PIGP, PIK3C3, PIK3CA, PIK3CD, PIK3CG, PILRA, PIWIL4, PKIB, PLA2G12A, PLA2G15, PLA2G6, PLAG1, PLCL1, PLD1, PLEKHF2, PLEKHH2, PLEKHO1, PLPP7, PLXNB2, PNISR, POC1B, POLA2, POLB, POLG2, POLI, POLN, POLR2D, PON2, POU2F1, PPA2, PPARA, PPFIBP2, PPIL3, PPM1D, PPM1F, PPM1K, PPP1R13L, PPP1R21, PPP1R3E, PPP2R3B, PPP2R5C, PRDM10, PRELID2, PRIM1, PRIM2, PRKCD, PRKD2, PRMT7, PROCA1, PRPF38B, PRTFDC1, PSPC1, PTCHD4, PTGR2, PTPN3, PTPN4, PTPRB, PTPRJ, PTPRM, PYGO2, QKI, QSER1, R3HDM2, RAB11FIP1, RABGAP1L, RABL2A, RACGAP1, RAD51AP1, RAD51D, RAD52, RAI14, RALGAPA2, RAPH1, RASAL3, RASGRP4, RASSF1, RASSF3, RASSF7, RB1CC1, RBL2, RBM26, RBM41, RBM43, RBM45, RBMS3, RCBTB1, RCBTB2, RCOR3, RCSD1, RENBP, REPS2, RERE, REST, REXO5, RFC3, RFX7, RGL3, RGS12, RGS18, RHBDD1, RHNO1, RHOBTB1, RHOBTB2, RIC1, RICTOR, RMDN1, RMI1, RNASEH2B, RNASEL, RNF13, RNF130, RNF150, RNF166, RNF170, RNF19B, RNF214, RNF215, RNF38, RNPC3, RPAP3, RPH3AL, RPP38, RPS6KA4, RPUSD3, RSF1, RSRC1, RSRP1, RTN4IP1, SAMD12, SAMD4A, SAMD9, SAMD9L, SCAI, SCAMP2, SCARB1, SCGB2B2, SCLT1, SCN9A, SCP2, SDHAF4, SEMA4D, SENP6, SENP7, SEPHS1, SERPINB6, SERTAD2, SESN1, SETD2, SFMBT1, SGK3, SH3KBP1, SH3RF1, SH3YL1, SHPRH, SHTN1, SIAH1, SIMC1, SIRT1, SKA2, SKP2, SLC12A4, SLC15A3, SLC16A4, SLC18B1, SLC22A23, SLC25A29, SLC25A34, SLC26A7, SLC2A13, SLC2A9, SLC35D2, SLC35E2B, SLC35E3, SLC35F6, SLC35G1, SLC37A2, SLC37A4, SLC38A9, SLC46A3, SLC4A8, SLC5A5, SLC6A16, SLC8A1, SLC9A9, SLC9B1, SLX4IP, SMAD7, SMAP1, SMAP2, SMARCA2, SMIM14, SMIM8, SMYD3, SMYD4, SNX13, SNX14, SNX16, SNX24, SNX30, SOS1, SOX12, SP4, SPAST, SPDL1, SPESP1, SPIN1, SPOP, SPOPL, SPPL3, SPTLC3, SRBD1, SRGAP2, SRGAP2B, SRGAP2C, SSBP2, ST6GALNAC3, ST8SIA4, STAG2, STAG3, STARD9, STEAP1B, STK17A, STK26, STK32B, STPG2, STX16, STX17, STX7, STYXL1, SUGCT, SUMF1, SUOX, SVBP, SWT1, SYK, TAB1, TAB2, TAF1, TAF1A, TAF8, TANGO2, TAPT1, TAS2R14, TATDN3, TBC1D1, TBC1D17, TBC1D5, TBC1D8B, TBCK, TBL1X, TBX19, TBX6, TBXAS1, TCEANC2, TCF20, TCF7L2, TCP11L2, TDP1, TDRD3, TDRD7, TDRD9, TEC, TENM4, TEPSIN, TESK2, TEX264, TFB1M, TFCP2, TFEC, TGFBR2, THADA, THAP6, THBS4, THNSL1, TIA1, TIAM2, TIGD7, TIMP2, TK2, TLE3, TLR7, TM6SF1, TMBIM4, TMC7, TMCC1, TMCC3, TMCO6, TMEM116, TMEM123, TMEM156, TMEM164, TMEM168, TMEM169, TMEM175, TMEM182, TMEM19, TMEM218, TMEM220, TMEM236, TMEM245, TMEM255A, TMEM268, TMEM39B, TMEM42, TMEM68, TMLHE, TNFSF8, TOP2B, TP53I11, TP53I13, TP63, TPK1, TPM1, TPM2, TPTE2, TRAFD1, TRAPPC6A, TRIM22, TRIM56, TRIM62, TRIM66, TRIM8, TRIOBP, TRMO, TRMT1L, TSC2, TTBK2, TTC12, TTC13, TTC14, TTC17, TTC21A, TTC28, TTC7A, TTLL3, TTLL4, TUBGCP5, TXNDC16, TXNIP, UBE2E2, UBE3D, UBE4B, UBL3, UBN2, UBXN2A, UBXN7, UHRF2, ULK1, UNC5B, UNKL, USP40, UTRN, UVSSA, VASH1, VIPR1, VNN2, VPS13B, VPS13C, VPS39, VPS41, VPS45, VPS50, VPS8, VSIG10, WASHC3, WASHC4, WBP4, WDFY4, WDPCP, WDR27, WDR59, WDR70, WDR76, WDR81, WDSUB1, WDTC1, WIPF3, WIPI1, WIPI2, WNT2B, WWOX, WWP1, WWP2, XPO7, YIPF4, YLPM1, YPEL1, ZBTB34, ZBTB37, ZBTB44, ZC3H12C, ZC3H6, ZDHHC2, ZDHHC20, ZDHHC21, ZDHHC24, ZFAT, ZFP14, ZFP36L1, ZFP64, ZGLP1, ZKSCAN7, ZMAT1, ZMYM1, ZMYND11, ZMYND8, ZNF107, ZNF117, ZNF124, ZNF138, ZNF148, ZNF155, ZNF18, ZNF184, ZNF211, ZNF212, ZNF226, ZNF236, ZNF250, ZNF253, ZNF254, ZNF263, ZNF266, ZNF280D, ZNF282, ZNF318, ZNF334, ZNF33A, ZNF33B, ZNF345, ZNF347, ZNF350, ZNF438, ZNF439, ZNF467, ZNF468, ZNF470, ZNF486, ZNF490, ZNF506, ZNF507, ZNF510, ZNF514, ZNF518A, ZNF532, ZNF559, ZNF559.ZNF177, ZNF573, ZNF594, ZNF606, ZNF615, ZNF624, ZNF630, ZNF638, ZNF641, ZNF652, ZNF66, ZNF674, ZNF678, ZNF680, ZNF684, ZNF688, ZNF69, ZNF691, ZNF701, ZNF703, ZNF717, ZNF718, ZNF721, ZNF738, ZNF740, ZNF765, ZNF766, ZNF768, ZNF780B, ZNF782, ZNF85, ZNF862, ZNF891, ZNF90, ZNRF2, ZSCAN2, ZSCAN30, ZSCAN9]"
Mic4,"[ARHGAP11A, ARHGAP11B, ARHGEF39, ASPM, ATAD2, AURKA, AURKB, BRIP1, BUB1, BUB1B, C21orf58, CDC45, CDCA2, CDCA3, CENPE, CENPF, CENPI, CENPK, CEP55, CHEK1, CLEC2B, CLIC2, DEPDC1, DIAPH3, DLGAP5, DTL, ESCO2, EZH2, FCGBP, GTSE1, HMMR, IER5L, IQGAP3, KIF11, KIF14, KIF18B, KIF4A, KNL1, MELK, MND1, MS4A4E, NCAPG, NCAPH, NUSAP1, PARPBP, POLQ, PRC1, PSTPIP1, SGO1, SHCBP1, SPC25, STIL, TACC3, TICRR, TOP2A, TPX2, TTK, UHRF1, WDR62]"
Mic5,"[AIF1, BAX, EEF1B2, EIF1, FAU, FTH1, FTL, GPS2, HNRNPAB, JTB, LSM7, NACA, PA2G4, PFN1, PPP1R14B, PRELID1, PSME1, PTMA, RPL10, RPL10A, RPL11, RPL12, RPL13, RPL13A, RPL18, RPL18A, RPL19, RPL22L1, RPL23, RPL23A, RPL28, RPL29, RPL30, RPL31, RPL32, RPL35, RPL36AL, RPL37, RPL37A, RPL5, RPL6, RPL7A, RPL8, RPLP0, RPLP1, RPLP2, RPS11, RPS12, RPS14, RPS15, RPS15A, RPS16, RPS17, RPS18, RPS20, RPS23, RPS24, RPS27, RPS27A, RPS5, RPS6, RPS8, SNRPD1, TOMM7, TSPO, UBA52]"
Mic6,"[AMPD2, ARFGAP3, ARHGAP18, ARHGAP6, BAZ1A, CCNL1, CD58, CDKN1A, CEP170, CHMP4B, CSNK1A1, CSNK1D, DGKD, ERGIC1, ETV6, F11R, FAM110B, FBXW11, FCER1G, FHL3, FPR1, GK, GRAMD4, HBEGF, IL1RAP, IRF1, LCP2, LITAF, METRNL, MGAT5, MIDN, MYO10, NAMPT, NECTIN2, NFIL3, PANX1, PDE8A, PPARD, PRKCH, PTP4A2, PTPN7, RAB27A, RAPGEF2, RELT, RNF144B, SLC16A3, SPACA6, STX4, TGFBI, TNFRSF12A, UBAP1, UBASH3B, UBE2D3, UBXN2B, VAPA, VMP1, ZHX2, ZNFX1]"
Mic8,"[ABHD14A, ABT1, ACOT13, ACTB, ACYP1, AHSA1, AK1, ALDOA, ALYREF, ANAPC11, ANKRD39, ANKRD9, ARF5, ARL6IP1, ARPC3, ATOX1, ATP6V0B, ATP6V1F, ATP6V1G2, AURKAIP1, BANF1, BEX1, BEX2, BEX3, BEX4, BEX5, BLOC1S1, BLVRA, BOLA3, BORCS7, BTF3, C12orf57, C15orf61, C18orf32, C19orf53, C19orf81, C1GALT1C1, C1QTNF4, C1orf56, C6orf226, CA2, CACYBP, CALM2, CALY, CARTPT, CBLN4, CBR1, CCDC167, CCK, CDK9, CDKN1C, CHCHD10, CHCHD2, CHMP5, CISD1, CKB, CKMT1A, CLDN10, CLDND2, CLEC11A, CNPPD1, COA6, COCH, COMMD6, COMTD1, COPS9, COX14, COX17, COX4I1, COX5A, COX5B, COX6A1, COX6B1, COX6C, COX7A1, COX7A2, COX7B, COX7C, COX8A, CRTC2, CRYAB, CRYM, CSNK1E, CSNK2B, CST3, CSTB, CUTA, CYCS, DAD1, DBI, DCTN3, DDAH2, DDRGK1, DDT, DNAJB9, DNAJC19, DNPH1, DPM3, DRAP1, DSTN, DUSP28, DYNLL1, DYNLRB1, EBNA1BP2, ECH1, EDF1, EIF3K, EIF6, ELOB, EMC6, ENDOG, ERH, ESD, FABP3, FABP5, FABP7, FAM229B, FAM50B, FBXO2, FIS1, FKBP1B, FKBP2, FLYWCH2, FMC1, FZD2, GABARAPL2, GADD45A, GADD45GIP1, GAPDH, GGCT, GGH, GNG3, GPX4, GSTP1, HAX1, HIGD2A, HINT1, HMGB2, HNRNPH2, HOPX, HSBP1L1, HSD17B10, IFI27L1, IFI27L2, IFI6, ISCU, ISG15, ITM2B, JAGN1, KRT10, KRT17, KRT222, LAGE3, LAMTOR2, LGALS1, LKAAEAR1, LPCAT4, LRWD1, LSM3, LY6H, LYSMD2, MAD2L1BP, MAP1LC3A, MARCKSL1, MDH1, MESP1, METTL26, MGST3, MIEN1, MIF, MISP3, MMP14, MORF4L1, MORN2, MRPL11, MRPL14, MRPL16, MRPL17, MRPL21, MRPL23, MRPL32, MRPL34, MRPL36, MRPL43, MRPL52, MRPL54, MRPL55, MRPL57, MRPL9, MRPS28, MRPS33, MT1E, MT1G, MT1M, MT1X, MT3, MYL12B, MYL6, MZT2A, NAA38, NDUFA1, NDUFA11, NDUFA12, NDUFA13, NDUFA2, NDUFA3, NDUFA4, NDUFA8, NDUFAB1, NDUFAF3, NDUFAF4, NDUFB1, NDUFB10, NDUFB11, NDUFB2, NDUFB3, NDUFB4, NDUFB6, NDUFB7, NDUFB8, NDUFC1, NDUFC2, NDUFS3, NDUFS5, NDUFS7, NDUFS8, NEDD8, NHP2, NME1, NME3, NNAT, NOP10, NPIPA1, NSMCE3, NUDT14, OAZ1, OCIAD2, OST4, OXLD1, PABPN1, PARK7, PCBD1, PCBP1, PCNA, PCNX3, PCP4, PCSK1N, PDCD5, PDZD11, PET100, PFDN2, PFDN4, PFDN5, PHPT1, PMM1, POLD4, POLR2I, POLR2J, POLR2K, POLR2L, PPDPF, PPIA, PPP1R35, PPP3R1, PPP4C, PRDX1, PRDX2, PRDX3, PRDX5, PSENEN, PSMA7, PSMB1, PSMB3, PSMB6, PSMG3, PTGDS, PTRHD1, PYURF, RAB33A, RABAC1, RAC3, RAD23A, RAN, RANBP1, RASL10A, RBP1, RBP4, RGCC, RIPPLY2, RNF181, RNF5, ROMO1, RPL14, RPL15, RPL24, RPL26, RPL27, RPL34, RPL36, RPL38, RPL39, RPL41, RPL7, RPL9, RPP25L, RPRML, RPS10, RPS13, RPS19BP1, RPS21, RPS25, RPS26, RPS28, RPS29, RPS3A, RPS7, RSL24D1, RTL8A, RTL8C, S100A1, S100A13, S100A6, SAT2, SCAND1, SCG5, SCRG1, SDF2, SDHAF1, SEC22B, SEC61B, SEC61G, SELENOH, SELENOK, SELENOM, SERF2, SET, SF3B6, SH3BGRL3, SKP1, SLC25A5, SLC35B2, SLIRP, SMDT1, SMIM26, SMIM27, SNCG, SNRPB2, SNRPD2, SOD1, SOX9, SPACA9, SPCS1, SRP14, SRP19, SRSF9, SS18L2, SSR4, SST, STMN1, STOML2, SUMO2, SUPT4H1, SURF2, TAC1, TAF9, TAGLN3, TBCB, TCEAL2, TCEAL3, TCEAL4, TCEAL5, TCEAL6, TCEAL7, TECR, THYN1, TIMM10, TIMM17B, TMA7, TMEM129, TMEM14A, TMEM208, TMEM256, TMEM258, TMEM54, TMEM70, TMSB10, TMSB4X, TNFAIP2, TNFSF12, TOMM5, TPI1, TRAPPC1, TRAPPC2L, TRMT1, TRMT112, TRPT1, TSC22D4, TSTD1, TUBB2A, TXN, TXNDC17, UBB, UBC, UBE2S, UBL5, UCHL1, UPK3BL1, UQCC3, UQCR10, UQCR11, UQCRFS1, UQCRH, UQCRQ, USF1, UXT, VDAC1, WDR83OS, WSB2, YPEL3, YWHAE, YWHAH, ZFPL1, ZNF428, ZNF593]"
Mic9,"[A2M, ABHD11, ABR, ACSF2, ACSM5, ACY3, ADA2, ADAP2, ADRB2, AGAP9, ALDH3B1, ANKRD44, APBB1IP, APPL2, ARHGAP17, ARID3B, ARL5C, ARRB1, ARRDC5, ASCL4, ATP2A3, ATP7A, ATP8B3, AZIN2, BCL9L, BCO2, BEAN1, BICRAL, BIN2, BLNK, BTD, C12orf75, C4orf19, CABYR, CACNB4, CAMK1D, CARD11, CARD14, CCS, CDH23, CECR2, CFAP74, CLEC17A, CLEC9A, CLTCL1, COL5A1, COQ7, CSF3R, CX3CR1, CYFIP1, CYP26C1, CYSLTR1, DDB2, DEPTOR, DHRS9, DIP2A, DNMT3A, DPP4, DPYS, EHHADH, EML1, ENOSF1, ENPP1, ERMAP, EVL, EXPH5, FCGRT, FFAR4, FGF20, FMNL3, FMO5, FOXN3, FRMD4A, GAK, GAL3ST4, GCNT2, GHRL, GIMAP7, GIMAP8, GOLGA8M, GPN3, GPR34, GRIN2D, GSTM2, GTF2IRD2, GTF2IRD2B, HAAO, HFE, HRH1, HTRA1, HVCN1, IGF1, IGSF10, IGSF6, IL6R, IL6ST, INPP5D, JUP, KANK2, KBTBD12, KCNQ1, KDM2B, KIF26B, KLHL18, LILRA1, LIPG, LPAR1, LPAR5, LPAR6, LPIN2, LRRK1, LST1, MAP1LC3B2, MAP3K5, MAP3K7CL, MAP4K4, MED12L, MEIS1, METTL27, MFSD11, MILR1, MMP28, MPEG1, MPPE1, MRC2, MYO18A, NAV2, NCKAP1L, NDUFAF6, NOL4L, NUP62CL, NXN, OAS1, OLFML3, OSBPL11, P2RY12, P2RY13, P2RY6, PAQR5, PCDH12, PDE9A, PEBP4, PIK3C2B, PLCG2, PLCXD3, PLXDC1, PMEPA1, PNMA5, PRDM11, PRKCQ, PRR11, PTAFR, PTPN14, RAB32, RAP1GAP2, RASGEF1C, RGS10, RNF213, RPRD2, RTKN, RTTN, RYR1, S100PBP, S100Z, SALL1, SELPLG, SEMA4C, SFMBT2, SIGLEC11, SLC25A45, SLC29A3, SLC35G2, SLC9C2, SMAD6, SNX18, SNX22, SNX29, SOCS6, SORL1, SPAG6, SPECC1, SPNS2, SPNS3, ST3GAL6, SUSD3, SYNDIG1, TANC1, TBC1D22A, TDRD10, TET3, TFCP2L1, TFDP2, TGIF2, TIAM1, TIGD4, TLR4, TMEM154, TNFRSF13C, TNRC18, TSPAN15, UBA7, ULK2, USP6NL, UTP6, WBP2NL, WDFY2, WLS, YPEL2, ZCWPW1, ZDHHC19, ZFHX3, ZFP36L2, ZNF10, ZNF362, ZNF397, ZNF528, ZNF609, ZNF689, ZNF710, ZNF844, ZP3]"
Mic10,"[ADIPOR2, ADNP2, ANKRD11, ARHGEF10L, ARIH1, ATL2, ATP6V0A1, ATP6V1C1, BCAT1, BTAF1, CDC14B, CDC42SE2, CERK, CHD1, CLN8, CMTM7, CNOT9, CRK, CXADR, DDX3X, DENND4A, DENND5A, DNM2, EHD4, ESYT2, FAM149A, FARP2, FBXO34, FGD4, FOXK2, FRMD8, FYTTD1, GNG7, GSN, GTF2B, HAVCR2, HDX, HEXB, IRAK3, KCTD20, KDM3B, KIF16B, KLHL5, MAD1L1, MAPRE1, MBP, MCU, MECP2, MIOS, MKNK1, MSN, MTHFR, MYO9B, NCOR2, NETO2, NFATC1, NGLY1, P2RX4, PABPC1, PCNX4, PFKFB3, PLEKHM2, PNPLA8, POLR2A, PPP1R10, PPP2R2D, PRKAR2A, PRRC2C, PSMA1, PSME4, RABGEF1, RAD51C, RASA3, RBBP8, RCC2, RCOR1, RHOA, RHOQ, RNF114, RNF168, RYBP, SF1, SHMT1, SLC17A5, SLC23A2, SMAD3, SMCHD1, SMS, SOAT1, SPRED2, SREBF2, STK4, SUCO, TAOK3, TBK1, TICAM1, TOB2, UBAP2L, USP4, WBP1L, WSB1, YME1L1, ZCCHC2, ZNF277]"
Mic11,"[ACSM4, ADAMTS2, ALOX15B, ALOX5, ANKRD22, ANKS1A, APOL6, ARHGAP26, ATP11A, BACH1, BCL2A1, BCL6, C1orf162, CASP1, CASP4, CASP5, CD163, CD163L1, CD1D, CEACAM1, CETP, CHCHD7, CPEB4, CTSC, CUL1, DENND2D, DENND3, DTNBP1, E2F3, ERC2, F13A1, FCGR1A, FCGR3A, FKBP5, FLOT2, FSHR, GCA, GMPPB, GRAMD1A, HAMP, HCK, HDAC4, HIGD1C, HPN, HRH2, IFNAR2, IGF2R, IKZF2, ITPKC, JAK3, KCNJ2, KLHL2, LAP3, LTBR, MAP3K8, MTHFS, MYO1G, NLRC5, NOD2, PARP9, PDIA4, PHC2, PIM1, PLAC8, PPA1, PPAN, PRKD3, PRR5, PSTPIP2, PYGL, RAB38, RAC2, RGS16, S100A8, S100A9, SAP30, SECTM1, SELL, SERPINA1, SH2D4A, SH3PXD2B, SH3RF3, SIGLEC7, SIGLEC9, SLAMF8, SLC12A9, SLC17A9, SLC2A5, SLC5A9, SND1, SNX20, SPATA6, SPON1, ST14, STAT5B, TBC1D14, TBC1D2B, TBC1D8, TBXA2R, TGFBR1, THBS1, TIFA, TMEM163, TMEM176A, TMEM176B, TNFRSF11B, TRIM25, USP15, VSIG4]"
Mic12,"[ACOT9, ADAM9, AGO2, AMZ1, ANXA5, ARF4, ARHGEF7, ARID5B, ATOH8, BMF, CAPZA1, CCDC138, CCL3, CCL4, CGNL1, COPA, CRY1, CXCL16, CYTH1, EMD, FAM107B, FPR3, GBP2, GCH1, GCNT7, GNA12, GPD2, GPR132, HCST, HIVEP1, HLA.DRB5, ICAM1, IER3, IFI30, IFNLR1, IL1B, IL4I1, IP6K3, KLHL6, LPL, MAGT1, MAP2K3, MAP4K3, MB21D2, MYO1E, NAB2, NFKB1, NFKB2, NRROS, PAF1, PARVB, PDE4A, PDPN, PHF20, PLEK, PLEKHO2, PLP2, QPCTL, RAB1A, RAB31, RAB8B, RAPGEF1, RASGRP3, RELB, RGL1, S100A11, SAT1, SCML1, SH2B3, SIK3, SLC25A25, SLC43A2, SLC7A5, SLFN11, SNX8, SNX9, SPAG9, SPTLC2, SQSTM1, SRC, SREBF1, STARD8, STK17B, STK38L, SYTL3, TNFAIP8L3, TOM1, TRIB1, UBE2F, VMO1, WDR91, ZNF267]"
Mic13,"[ADAMTSL2, ADGRG6, AKT3, ALDH1A3, ANKRA2, ANXA4, AOAH, APBA1, ARHGAP22, ARHGEF6, ARL15, ARPIN, ARRDC2, ATM, ATXN7L1, BANK1, BCAS3, BCL2L11, BNC2, BROX, C12orf42, C20orf96, CASP10, CBR4, CCND3, CD84, CDK19, CEBPA, CLDN4, CLEC2D, CNGA1, COL14A1, CPED1, CREBL2, CSGALNACT1, CXCL12, CYTL1, DHRS12, DIP2B, DOCK10, DOCK8, DPEP2, FAM111A, FBXL20, FMO4, GLCCI1, GLCE, GLIPR1, GRID2, HACD4, HPGDS, HPS3, HS3ST4, HSPBAP1, IFNGR1, ITPR2, JAM2, KANTR, KCNE3, KCTD7, KHDRBS3, LIPC, LIPE, LMO1, LPXN, LY86, LYST, MAF, MAMDC2, MAP2K6, MCM7, MEF2A, MEI4, MIS18BP1, MMRN1, MORC1, MRI1, MXD4, NCOA2, NEK3, NLRP1, NSUN7, NUAK2, OMA1, OSBPL6, P3H2, PAN3, PCNX2, PDGFC, PELI2, PGM5, PIP5K1B, PIPOX, PKN2, PLCL2, PLEKHM3, PRIMPOL, PRKN, RAD51B, RAPGEF6, RNASE6, RNF125, RNF135, RPS6KA5, SIGLEC8, SLC15A2, SLC40A1, SLC4A7, SMURF2, SNX2, STON2, SYT6, TBC1D12, TBC1D4, TBC1D9, TLR3, TMEM255B, TMEM71, TMEM86A, TNRC6B, TP53INP1, TPCN1, TRAF3IP3, TRANK1, USP24, USP53, UVRAG, VSIR, ZBTB20, ZNF618, ZNF846]"
Mic14,"[AAK1, ABI1, ACBD3, ACSL4, ACTR2, ACTR3, ADAM17, AFMID, AFTPH, AIMP2, AKAP13, ANGPTL1, ANP32B, AP1G1, AP1S2, AP5Z1, AREL1, ARF1, ARHGAP31, ARID4B, ARIH2, ARL8B, ARPC2, ARPC5, ASPHD2, ATF5, ATF6, ATG5, ATP11B, ATP2A2, B4GALT4, BACE2, BCKDK, BCL2, BCLAF1, BEST1, BET1L, BIN3, BIRC6, BMP7, BNIP2, BRAF, BRD2, CA5B, CACNA2D4, CALU, CAPN2, CBLB, CCDC134, CCNK, CD63, CD74, CDC42, CDC42SE1, CDK11B, CEBPZ, CEP19, CEP68, CHD2, CHD8, CLEC5A, CNOT1, COPB1, COQ10B, CTNNB1, CTSZ, CUX1, CYP2R1, CYSTM1, DDOST, DDX18, DDX39A, DHRS7, DHX9, DLGAP4, DNAJC5, DNASE1L1, DONSON, DOT1L, DPH3, DUS3L, EBI3, EIF2D, EIF4A1, EIF4B, EIF4E, ELK1, EMILIN2, ENG, EPB41L3, ERAP1, ESRRA, FAM13B, FAM177A1, FAM210A, FBXL12, FILIP1L, FLOT1, FMNL1, FMNL2, FTSJ1, FUCA1, FURIN, GGCX, GLI1, GLS, GMEB2, GNAI3, GNB1, GNE, GNG5, GPAT4, GPN1, GPRIN3, GUSB, HBM, HDLBP, HES6, HLA.A, HLA.B, HLA.C, HLA.DPA1, HLA.DPB1, HLA.DRA, HLA.DRB1, HLA.E, HNRNPA1, HNRNPC, HNRNPH1, HNRNPL, HOOK3, HPS5, HSPA9, HUWE1, IAH1, IBTK, IFNGR2, IKBKE, IL10RA, ILF3, IMMT, INPP4A, IPO9, IRF9, ITCH, JMJD6, KAT5, KDELR2, KMT2E, KPNA4, KPNB1, KSR1, LARP4, LARP4B, LILRB2, LILRB4, LRRFIP1, LSMEM1, LYN, LYSMD3, MAEA, MAFK, MAN1A1, MAP2K1, MAPK6, MGAM, MICB, MIER2, MPDU1, MROH6, MXD1, MYL12A, NAA15, NELFCD, NFAT5, NFYA, NIPSNAP3A, NKIRAS2, NOB1, NPC2, NPM1, NRAS, NRBF2, NRDC, NSMAF, NUP58, NUP62, NUP98, NXF1, OPA3, OPALIN, OSCAR, OVCH1, PAFAH1B1, PARVG, PDZD9, PEPD, PFDN1, PGK1, PIK3R1, PITPNA, PLA2G7, PLD2, PLIN3, PLVAP, PNKP, POLD1, POLD2, POMZP3, PPP1R15B, PPP2R2A, PPP4R3A, PPP6R3, PPTC7, PRDX4, PRKAB1, PTPN6, RAB10, RAB11A, RAB21, RAB22A, RAB2A, RAB3GAP2, RAB7A, RAF1, RAP1A, RAP1B, RASSF2, RBM25, RBM47, RELA, RHEB, RIN3, RIT1, RLF, RNMT, RP2, RPL36A, RPS9, RUVBL1, SAMD8, SAR1A, SCARF1, SCFD1, SCYL2, SDE2, SEC14L1, SEC23B, SEL1L3, SENP5, SERP1, SFXN3, SH3BP5, SH3GL1, SH3TC1, SIK2, SLBP, SLC12A6, SLC16A10, SLC25A19, SLC25A33, SLC26A2, SLC26A5, SMC5, SMG1, SMIM3, SMNDC1, SNRPA1, SNX1, SPAG7, SPATA13, SPRED1, SPTY2D1, SQLE, SRGAP1, SRSF3, SRSF4, SRSF7, STAB1, STARD4, STAT2, STAU1, STK10, STK40, STX12, TAF2, TBC1D30, TCTN3, THRAP3, TIMP1, TINF2, TM9SF3, TMED5, TMED9, TMEM259, TMEM38B, TMEM63B, TMEM9B, TOR3A, TPM3, TPRG1, TRPV2, TWSG1, TXNDC11, UBA6, UBE2A, UBR4, USP10, USP32, USP9X, VASP, WDR55, WTAP, YBX1, YTHDF3, ZBTB11, ZBTB2, ZC3H3, ZFAND3, ZFC3H1, ZMIZ1, ZNF394, ZNF565, ZNF830, ZSCAN32, ZYX]"
Mic15,"[AATF, ADGRG1, AEN, AGBL5, ALAS1, ALDH18A1, ALG2, ALG3, APOBR, APOC1, ARAF, ARF6, ASAP1, ASIP, ASXL1, BATF3, BCL2L1, BIN1, BRIX1, BST2, C1QA, C1QB, C1QC, C5orf15, CA8, CALHM2, CALR, CARM1, CCNY, CCR1, CCT6A, CD151, CD180, CD300A, CDC73, CHI3L1, CHST11, CLIC4, CLTC, CNIH4, CNOT11, COA4, CRELD2, CTDP1, CTDSP1, CTNNA1, CTPS1, CYTH4, DDX56, DERL2, DHX15, DHX37, DICER1, DNAJB11, DNAJC3, DOK3, DPAGT1, DTNB, DTX3L, E2F4, EDEM1, EIF2A, EIF3H, EIF5B, ELL, ERP44, FAM114A1, FAM89A, FARP1, FHOD1, FKBP14, FNDC3B, GALE, GAS6, GATAD2A, GDI2, GNAQ, GNL3, GPATCH4, GPR65, GRB2, GRPEL1, GTF2F2, GTPBP4, HAPLN3, HEATR1, HIPK3, HMGXB3, HNRNPF, HSP90B1, HSPA5, HYOU1, IFITM2, IFNAR1, IFRD2, IL17RA, IL21R, INO80D, INTS6, IPO7, IQGAP1, ITPRIP, KCNJ5, KIAA0232, LAPTM4B, LILRB1, LRR1, LXN, LY96, LYAR, LYPLA2, MANF, MAP4, MAPK13, MBD2, MFSD2A, MLLT1, MMGT1, MS4A4A, MS4A6A, MVP, NANS, NASP, NCK2, NCLN, NEK6, NFKBIZ, NOCT, NOL10, NOLC1, NOP56, NOP58, NOTCH1, NT5C2, NUDT16, NUFIP2, OSTC, P4HA3, P4HB, PCK2, PDIA3, PDIA5, PDIA6, PDSS1, PIM3, PISD, PKD2L2, PLAGL2, PLCB3, PLPP5, PMM2, PNO1, POLR1C, PRDM8, PSMA5, PSMD1, PSME2, PTDSS1, PTPRE, PTRH2, PUS1, PVR, PYCR1, RAB13, RABEP2, RABGGTB, RASA2, RB1, RBM3, RBMS1, RBPJ, RCC1, RNF175, RNGTT, RP9, RPL17, RPN1, RPS2, RRP15, RRP8, SCIN, SDF2L1, SEC31A, SEC63, SEH1L, SELENOS, SELENOT, SERPING1, SETD6, SH3BP2, SH3GLB1, SIPA1L2, SLC11A2, SLC1A5, SLC25A37, SLC25A44, SLC31A2, SLC35B1, SLC35F2, SLC39A1, SLC52A2, SNTB1, SP100, SPRYD4, SPTBN5, SQOR, STEAP3, STK3, STOM, SUSD6, TAF1D, TAP2, TCERG1, TCIRG1, TDG, TG, TIMM17A, TIMM44, TMC6, TMEM165, TMEM167A, TMEM181, TMEM214, TMEM50B, TNFAIP8, TNFRSF10C, TNFRSF1A, TNIP2, TPCN2, TRABD, TSPAN33, UBA2, UBE2J1, UBR1, UBTD2, URB1, URB2, URM1, UTP4, VAMP8, VPS37A, WDFY3, WDR43, WNK1, XRN2, ZBTB7B, ZNF121, ZNF511, ZNF787]"
Mic16,"[ABHD14B, ABHD17A, ABTB1, ACAA1, ACADVL, ACAP3, ACHE, ACOT8, ACTR1B, ADAM11, ADAP1, ADCK5, ADGRB1, ADGRB2, ADRM1, AGAP2, AGPAT1, AHNAK2, AIFM3, ALDOC, AMIGO1, ANKRD13B, AP1G2, AP2M1, APBB1, APBB3, APC2, APEH, APOE, ARFGAP1, ARFRP1, ARL2BP, ARL4C, ARPP19, ASIC1, ASMTL, ASS1, ATP1B2, ATP6V0E2, ATP6V1E1, B4GALNT4, B4GAT1, B9D1, BABAM1, BAD, BAIAP3, BAP1, BCAN, BCL2L2, BEGAIN, BHLHE40, BOP1, BRICD5, BRSK1, BRSK2, BSG, C11orf68, C1orf216, C2CD4C, C3orf18, C8orf82, CA11, CACNB3, CADM4, CAMK1G, CAMKV, CAPNS1, CARD19, CARNS1, CBARP, CBX6, CCDC184, CCNA1, CD2BP2, CDK5, CDK5R2, CDKN2D, CELF3, CEND1, CENPT, CERS1, CGREF1, CHD5, CHN1, CHRD, CIRBP, CLIP3, CNIH2, CNTNAP1, COL5A3, CORO6, CPLX1, CPNE6, CRIP2, CTDNEP1, CTXN1, CYB561D2, CYP46A1, DAGLA, DBNDD1, DBP, DCAF8, DDA1, DDX51, DENND6B, DGAT1, DGKQ, DHRS11, DIRAS1, DMTN, DNAJA2, DNAJB2, DNM1, DOC2A, DTX3, DUSP8, DYNLL2, EEF2, EGFL7, EME2, ENC1, ENO2, EXTL1, FAAH, FAAP100, FAIM2, FAM131A, FBLL1, FBXL15, FBXO44, FBXW5, FGF17, FNDC10, FNDC9, FSD1, FXYD6, FXYD7, G6PC3, GABRA5, GABRD, GAS2L1, GCAT, GDI1, GEMIN7, GJB6, GLI4, GLMP, GNAZ, GNG4, GOLGA7B, GOT1, GPC1, GPR27, GPX3, GRIN1, HAGHL, HAPLN2, HDDC3, HES4, HPCA, HRH3, HSPB3, HTRA2, ICAM5, IDH3B, IDH3G, IDS, IGSF8, IL11RA, IL17D, IMPDH2, ITGA7, ITPKA, JMJD8, JPT1, KAT2A, KCNAB2, KCNF1, KCNH3, KCNIP2, KCNQ2, KCNT1, KCTD17, KEAP1, KIF5A, KIFC2, KLC1, KLC2, KLHDC9, KNDC1, L1CAM, LCNL1, LGI4, LMF2, LRFN4, LRRC14, LRRC24, LRRC73, LRTM2, LSM1, LSM5, LTBP4, LYNX1, MAF1, MAGEF1, MAP1A, MAP1B, MAPK11, MAPK12, MAPK3, MAPK8IP1, MAPRE3, MAZ, MCRIP2, MCRS1, METRN, MFSD10, MFSD3, MIB2, MICALL2, MOSPD3, MRPL28, MRPS2, MT.ND3, NAA10, NAPB, NAT14, NAT8L, NCAPH2, NCDN, NDRG4, NDUFV1, NECAB2, NECAB3, NKAIN4, NLGN3, NPDC1, NPEPL1, NRGN, NRSN2, NSMF, OBSL1, OLFM1, P4HTM, PANX2, PAX6, PDCL, PDE2A, PDK2, PDZD4, PFKL, PHF24, PHYHIP, PIANP, PIDD1, PINK1, PIP4K2C, PITHD1, PITPNM1, PJA1, PKD1, PLK2, PLPPR2, PNCK, PNMA3, PNMA8A, PNMA8C, POLR2G, PPOX, PPP1R3C, PPP1R9B, PRKAR1B, PRPF19, PRPS1, PRR36, PRRT1, PRRT2, PSD, PSMG4, PTN, PTOV1, PTPRN, QTRT1, RAB11B, RAB26, RAB4B, RAB6B, RABGGTA, RAP1GAP, RASD1, RASL10B, RASL11B, RBM42, REEP2, RELL2, RETREG2, RFNG, RGS11, RHBDL1, RIMS3, RING1, RNF112, RNF182, RNF208, ROBO3, RPH3A, RTN4R, RTN4RL2, RUNDC3A, RUSC1, RUVBL2, SBF1, SCN3B, SCN4B, SCRN2, SCRT1, SDC3, SDF4, SH3GLB2, SHC2, SHF, SHISA4, SLC17A7, SLC22A17, SLC25A11, SLC25A6, SLC27A3, SLC30A3, SLC39A3, SLC39A7, SLC45A1, SLC6A7, SLC8A2, SMIM10L2A, SMPD1, SNAPIN, SNCB, SOHLH1, SOX15, SPATA20, SPEF1, SPEG, SPPL2B, SPRYD3, SRM, SSU72, STK25, STMN3, STUB1, STX1A, STX1B, STXBP1, SULT4A1, SURF1, SYN1, SYNC, SYNGR1, SYNPO, SYT5, SYVN1, TAF1C, TBL3, TBR1, TLE2, TM7SF2, TMEM132A, TMEM145, TMEM151A, TMEM9, TMEM91, TNFRSF14, TOR2A, TRAF7, TRMT2A, TRMT61A, TSC22D3, TSPYL2, TSPYL5, TUBB4A, TUBG1, TUSC2, UBL4A, UBQLN2, UCN, ULK3, UNC5A, UQCRC1, VGF, VPS28, VTI1B, WDR18, YIPF2, YIPF3, YPEL4, YWHAG, ZBTB18, ZFAND2B, ZFPM1, ZNF414, ZNF512B, ZNF513, ZNF598, ZNF622]"
Mic17,"[ABL2, ACER3, ACSL1, ADAMTSL4, ADGRE1, ADGRE2, AGFG1, B4GALT5, BATF, BCL3, BTBD19, CCDC65, CD14, CD93, CEBPB, CFTR, CISH, COLGALT1, CSF2RB, DACT1, DDIT4, DDX21, DSE, FBXL5, FERMT3, FGR, FLVCR2, FPR2, GOLGA4, GOLPH3, GPR84, HEATR3, HMOX1, IL4R, ITGAV, KCNN4, LACTB, LAIR1, LILRB3, LIMK2, LMNB1, LPCAT3, MAFB, MFF, MTHFD2, MYD88, NFE2L3, PDGFA, PGS1, PLK3, PLSCR1, PLTP, POSTN, PPIF, PPRC1, PROS1, PRR5.ARHGAP8, PTPN1, PTPN2, PXN, RANBP9, RNF149, RRBP1, RUNX1, SBNO2, SCO2, SEC24D, SERPINB1, SH2B2, SLC11A1, SLC1A3, SLC20A1, SLC2A3, SLC31A1, SLC7A1, SOCS3, SPP1, STAT3, SYNE3, TAP1, TES, TLR2, TMBIM1, TMEM39A, TNFSF14, TXLNA, TYMP, UGCG, USB1, XBP1, YBX3]"
Mic18,"[ACIN1, AGO1, ALDH1L2, ALKBH3, AP4B1, APLF, ARL14EP, ARMC2, ARMC6, ASB14, BMS1, BPHL, C3orf38, CAB39L, CCDC13, CD320, CD40, CHCHD6, CIDEB, CPNE1, CPSF4, CREBZF, CTCF, CYB561A3, CYB5B, DCP1A, DHX33, DPP9, ENOX2, ENTPD5, EVA1C, EXTL2, FAM120C, FAM193B, FANCI, FBXL19, FLVCR1, FOLH1, FRA10AC1, FUT11, GANAB, GBP3, GCNA, GEMIN8, GFPT2, GNL3L, GOLIM4, GPR135, GTF3C1, HACD2, HMGA1, IL12RB1, IL15RA, KRR1, L3MBTL3, LENG1, LGALS8, LIG1, METTL6, MFN1, MPLKIP, MTMR9, NADK2, NAPEPLD, NAT10, NAXD, NONO, NPR2, NRL, NT5C3A, NUDT9, NUP205, NUS1, OSGEP, PCBD2, PCYT1A, PDCD11, PFKFB4, PHKA2, PIGG, PLA2R1, PLGRKT, PMP22, POLR1A, POR, PPM1B, PRDM4, PTBP1, RBM14, RECQL, RPUSD4, SART1, SEC23IP, SEC24A, SFXN1, SHQ1, SIN3A, SLC12A8, SLC37A3, SLC39A14, SLK, SMG9, SMUG1, SNW1, SP1, SPPL2A, SRD5A1, STAM, STIM2, STRN4, TBRG1, TEP1, TERF2, TGFBRAP1, TMCO4, TMEM101, TMEM161B, TMEM254, TMEM267, TMEM63A, TRAF5, TRIM16, TRIM69, TSEN15, TSPAN17, TTI1, UCK2, UCP2, UFD1, UNG, UPF1, URI1, VAMP5, VRK1, VRK2, XRN1, ZBED1, ZBED5, ZBTB25, ZC3H14, ZDHHC4, ZFAND4, ZNF260, ZNF329, ZNF333, ZNF383, ZNF398, ZNF555, ZNF608, ZNF682, ZNF711, ZNF746, ZNF92, ZPBP]"
Mic19,"[AFF4, ALPK3, APAF1, ARHGAP25, ARID5A, ATP6V0E1, AZIN1, B2M, B3GNT5, B4GALT1, BCAS2, BID, BTG2, BTG3, C3AR1, C5AR1, C5AR2, C9orf72, CCNH, CD300LB, CD55, CD69, CD83, CD86, CEBPD, CH25H, CHMP1B, CHSY1, CLDN1, CLEC7A, CMTM6, CREM, CSF1, CSF2RA, CSRNP1, CTSB, CXCR4, CYTIP, DAGLB, DDX27, DDX3Y, DHX34, DLEU7, DUSP1, DYNLT1, EGR1, EGR2, EGR3, ELF1, ELL2, EPOR, ERCC1, ETF1, ETNK1, ETV3, EVI2A, EZR, FAM53C, FAS, FCAR, FCGR2A, FDFT1, FOS, FOSL2, GABARAPL1, GADD45B, GLA, GNA13, GPAT3, GPR183, GPX1, GRAMD1B, GTPBP1, GZF1, HERPUD1, HIF1A, HLA.DQA1, HLA.DQB2, HNRNPU, HOMER1, IDI1, IER2, IFRD1, IKBIP, IL3RA, INHBA, INSIG1, IPCEF1, IRAK2, IRS2, ITGB5, ITSN1, IVNS1ABP, JAG1, JDP2, JOSD1, JUNB, KDM6B, KLF6, LDLR, LGMN, LIMS1, LONRF1, LPCAT1, LYVE1, MALT1, MAPKAPK2, MAT2A, MCC, MCF2L2, MCL1, MEF2D, MOB3C, MRC1, MSR1, MUSK, NAF1, NAPA, NEDD9, NFAM1, NFE2L2, NFKBID, NKD1, NLRP4, NR4A2, NR4A3, NRARP, OLR1, OPRM1, OSM, OTUD1, PADI2, PAG1, PDE3B, PDGFB, PEAK1, PER1, PLA2G4A, PLAT, PLAUR, PRDM1, PRMT9, PTGER4, PTGS2, RAB20, RAB7B, RANBP2, RASA1, RASGEF1B, RASSF5, RBKS, REL, RGS1, RGS2, RGS9, RHOB, RILPL2, RIN2, RNF122, RPA2, RPL36A.HNRNPH2, RUBCN, SAMSN1, SC5D, SDCBP, SERPINB9, SGK1, SIAH2, SKIL, SLC15A4, SLC19A2, SNAPC1, SPRY1, SRA1, SRGN, ST3GAL1, ST6GAL1, STX11, SWAP70, SYAP1, TAL1, TBC1D7, TFRC, TGIF1, THEMIS2, TM2D2, TMEM184C, TMEM52B, TMOD1, TNFRSF1B, TP53BP2, TP53INP2, TPM4, TRA2B, TSC22D2, TTYH3, TXLNB, TYROBP, UBAC2, USP36, UST, VEGFA, VPS26A, VPS37B, ZC3HAV1, ZFP36, ZNF331]"
Mic20,"[AAGAB, AASDH, AATK, ABCA7, ABCA8, ABCB1, ABCB10, ABCB4, ABCB7, ABCB8, ABCC1, ABCC10, ABCC8, ABCD4, ABCE1, ABCF2, ABCF3, ABCG1, ABCG2, ABHD10, ABHD12, ABHD12B, ABHD13, ABHD17B, ABHD17C, ABHD18, ABHD2, ABHD3, ABHD5, ABHD6, ABHD8, ABI3, ABL1, ACAA2, ACACA, ACAD9, ACADM, ACADSB, ACAT1, ACBD5, ACER2, ACLY, ACO2, ACOX1, ACOX3, ACP1, ACP2, ACSBG2, ACSF3, ACSL3, ACSS2, ACTL6A, ACTN4, ACTR10, ACTR1A, ACTR3B, ACTR3C, ACTR5, ACTR6, ACTR8, ACVR1, ADAM15, ADAM19, ADAM32, ADAMTS17, ADAMTS9, ADAMTSL3, ADAR, ADAT1, ADAT2, ADCK2, ADCY10, ADCY3, ADCY6, ADD1, ADGRA1, ADGRF5, ADGRG5, ADGRV1, ADIPOR1, ADNP, ADPGK, ADRA1A, AEBP1, AFAP1, AFDN, AFF1, AFG3L2, AGAP4, AGAP6, AGBL3, AGFG2, AGGF1, AGK, AGO3, AGO4, AGPAT3, AGPS, AGTPBP1, AGTRAP, AHCTF1, AHCY, AHNAK, AIDA, AIFM1, AIMP1, AK2, AK3, AK6, AKAP1, AKAP10, AKAP3, AKAP7, AKAP8, AKIRIN1, AKIRIN2, AKNA, AKR1A1, AKR1B1, AKT2, AKTIP, ALAD, ALCAM, ALDH16A1, ALDH1A1, ALDH3A2, ALDH9A1, ALG11, ALG5, ALG8, ALKBH1, ALKBH4, ALKBH5, ALKBH8, ALMS1, ALOX5AP, ALPK1, AMACR, AMBRA1, AMFR, AMMECR1L, AMN1, AMOT, AMOTL1, ANAPC1, ANAPC10, ANAPC16, ANAPC4, ANAPC5, ANAPC7, ANGPT2, ANK1, ANKDD1B, ANKFY1, ANKHD1, ANKHD1.EIF4EBP3, ANKIB1, ANKLE1, ANKLE2, ANKMY1, ANKMY2, ANKRD10, ANKRD13A, ANKRD13C, ANKRD13D, ANKRD17, ANKRD24, ANKRD26, ANKRD27, ANKRD34A, ANKRD36, ANKRD37, ANKRD42, ANKRD46, ANKRD49, ANKRD50, ANKRD52, ANKRD6, ANKS3, ANKUB1, ANLN, ANO10, ANO2, ANOS1, ANP32A, ANTXR1, ANXA7, AP1AR, AP1M1, AP1S3, AP2A1, AP2A2, AP2B1, AP3B1, AP3D1, AP3M1, AP3S1, AP4E1, AP4S1, APEX1, APH1A, APLP2, APMAP, APOO, APOOL, APPBP2, APPL1, APTX, AQP11, AQR, ARAP1, ARAP2, ARCN1, ARFGAP2, ARFGEF1, ARFGEF2, ARGLU1, ARHGAP1, ARHGAP12, ARHGAP20, ARHGAP23, ARHGAP29, ARHGAP30, ARHGAP4, ARHGAP42, ARHGAP45, ARHGAP9, ARHGEF1, ARHGEF10, ARHGEF11, ARHGEF12, ARHGEF2, ARHGEF40, ARID1A, ARID2, ARID3A, ARL1, ARL10, ARL13B, ARL3, ARL6IP5, ARMC1, ARMC7, ARMC8, ARMCX5.GPRASP2, ARMT1, ARRB2, ARSB, ARSG, ARSK, ARV1, ASB1, ASB13, ASB7, ASCC1, ASCC2, ASCC3, ASF1A, ASH2L, ASL, ASNSD1, ASPA, ASPH, ASPSCR1, ASRGL1, ASTE1, ASXL2, ATAD1, ATAD2B, ATAD3A, ATAD3B, ATAD5, ATAT1, ATF2, ATF6B, ATF7, ATF7IP2, ATG12, ATG16L1, ATG2A, ATG2B, ATG3, ATG4A, ATG4B, ATG4D, ATG7, ATIC, ATL3, ATP10A, ATP10B, ATP11C, ATP13A2, ATP13A4, ATP2B4, ATP6V0A2, ATP6V0D1, ATP6V1A, ATP6V1E2, ATP7B, ATP8B1, ATP9B, ATPAF1, ATPAF2, ATR, ATXN1, ATXN10, ATXN1L, ATXN2, ATXN2L, ATXN7L3, ATXN7L3B, AVEN, AVIL, AVL9, AXIN1, AZI2, B3GALNT2, B3GAT2, B3GAT3, B3GNTL1, BABAM2, BACE1, BAG1, BAG2, BAG4, BAG5, BAHCC1, BAIAP2L2, BANP, BAZ1B, BAZ2A, BBIP1, BBS7, BCAP31, BCAR3, BCAS4, BCAT2, BCCIP, BCL10, BCL11B, BCL2L13, BCL2L14, BCL2L2.PABPN1, BCL7C, BCOR, BCORL1, BCR, BDH1, BDP1, BECN1, BFAR, BHLHE41, BICD1, BICD2, BIRC2, BIVM, BLM, BLMH, BLZF1, BMI1, BMPR1A, BMPR1B, BMPR2, BNIP1, BOC, BORA, BORCS5, BORCS7.ASMT, BPNT1, BRAP, BRAT1, BRCA2, BRCC3, BRD1, BRD4, BRD7, BRD8, BRD9, BRF1, BRI3, BRI3BP, BRPF3, BRWD3, BSDC1, BTBD1, BTBD10, BTBD2, BTBD7, BTF3L4, BTG1, BTK, BTN2A1, BTN2A2, BTRC, BUB3, BUD13, BUD23, BUD31, BZW2, C10orf88, C10orf90, C11orf24, C11orf58, C11orf96, C12orf43, C14orf119, C14orf93, C16orf87, C17orf67, C17orf75, C18orf21, C19orf12, C19orf25, C19orf38, C1D, C1GALT1, C1QTNF7, C1RL, C1S, C1orf131, C1orf159, C1orf43, C1orf52, C1orf54, C2, C2CD2L, C2CD3, C2orf42, C2orf69, C2orf88, C3, C3orf33, C3orf62, C3orf70, C5orf22, C6orf89, C7orf50, C8orf76, C9orf153, C9orf85, CA12, CA13, CAAP1, CAB39, CABIN1, CAD, CALCOCO2, CALD1, CAMK2D, CAMKMT, CAMSAP1, CAMTA2, CAND2, CANT1, CANX, CAP1, CAPG, CAPN1, CAPN10, CAPN15, CAPN7, CAPRIN1, CAPRIN2, CAPZA2, CARD6, CARD9, CARHSP1, CARMIL1, CARS2, CASC3, CASK, CASP2, CASP3, CASP7, CASP8, CAST, CASTOR2, CATSPER2, CATSPERG, CAVIN2, CBFA2T3, CBFB, CBLL1, CBX3, CBY1, CC2D1B, CC2D2A, CCAR1, CCAR2, CCDC102B, CCDC12, CCDC126, CCDC137, CCDC14, CCDC142, CCDC149, CCDC159, CCDC174, CCDC186, CCDC22, CCDC25, CCDC39, CCDC40, CCDC43, CCDC47, CCDC57, CCDC59, CCDC62, CCDC66, CCDC69, CCDC85C, CCDC88B, CCDC92, CCDC93, CCM2, CCNB1IP1, CCNC, CCND1, CCNDBP1, CCNG1, CCNJ, CCNL2, CCNT1, CCNT2, CCNYL1, CCP110, CCPG1, CCSER2, CCT2, CCT3, CCT4, CCT5, CCT8, CCZ1, CCZ1B, CD164, CD22, CD276, CD2AP, CD46, CD53, CD5L, CD72, CD81, CD82, CD96, CD99, CD99L2, CDADC1, CDC123, CDC16, CDC23, CDC27, CDC37L1, CDC40, CDC42BPB, CDC42EP3, CDC5L, CDH26, CDK10, CDK12, CDK13, CDK16, CDK17, CDK2AP2, CDK4, CDK5RAP1, CDK6, CDK7, CDK8, CDKN2AIP, CDR2, CDV3, CDYL, CEACAM21, CEBPG, CEBPZOS, CELF1, CELF2, CELSR1, CELSR2, CEMIP, CENPB, CENPC, CEP104, CEP135, CEP152, CEP164, CEP250, CEP295, CEP350, CEP41, CEP57, CEP63, CEP76, CEP78, CEP83, CEP85, CEP85L, CEP89, CEP95, CEPT1, CERCAM, CERS4, CERS5, CES2, CFAP161, CFAP97, CFDP1, CGGBP1, CGRRF1, CHAF1A, CHAMP1, CHCHD3, CHD1L, CHD4, CHD7, CHEK2, CHFR, CHGB, CHID1, CHKA, CHM, CHMP1A, CHMP2B, CHMP6, CHMP7, CHP1, CHPF2, CHRDL1, CHRM5, CHST12, CHST15, CHTF8, CHTOP, CHUK, CHURC1, CHURC1.FNTB, CIAO1, CIAPIN1, CIITA, CISD2, CIZ1, CKAP4, CKAP5, CKMT2, CLASRP, CLCC1, CLCN3, CLCN6, CLCN7, CLDN12, CLDN15, CLDN5, CLEC16A, CLEC19A, CLEC1A, CLINT1, CLIP1, CLIP2, CLK2, CLK3, CLK4, CLMN, CLMP, CLN3, CLN5, CLN6, CLNK, CLNS1A, CLOCK, CLPB, CLPX, CLSPN, CLTA, CLUH, CMAS, CMBL, CMC2, CMIP, CMPK1, CMSS1, CMTM3, CMTM8, CNBP, CNDP1, CNDP2, CNGB3, CNIH3, CNNM4, CNOT10, CNOT2, CNOT4, CNOT6, CNOT6L, CNOT7, CNOT8, CNP, CNPY2, CNRIP1, CNST, CNTROB, COA1, COG2, COG3, COG5, COG7, COIL, COL18A1, COL23A1, COL24A1, COL27A1, COL4A1, COL4A2, COL6A6, COLQ, COMMD1, COMMD10, COMMD2, COMMD5, COMMD7, COMMD8, COMMD9, COMT, COPB2, COPG1, COPS2, COPS3, COPS4, COPS5, COPZ1, COQ2, COQ4, COQ5, COQ6, COQ8B, COQ9, CORO1A, CORO1C, CORO7, COTL1, COX10, COX11, COX19, CPEB3, CPNE5, CPNE9, CPPED1, CPQ, CPSF2, CPSF3, CPSF6, CPSF7, CPT1A, CR1L, CRACR2A, CRCP, CREB3L2, CREB5, CRELD1, CRKL, CRLS1, CRNKL1, CROCC, CRTC1, CRY2, CRYBG3, CRYGS, CRYL1, CRYZL1, CSAD, CSE1L, CSGALNACT2, CSK, CSNK1G1, CSNK1G2, CSNK1G3, CSNK2A1, CSNK2A2, CSPP1, CSRNP2, CSTF1, CSTF3, CTC1, CTDSP2, CTDSPL2, CTNNBL1, CTNND1, CTNS, CTR9, CTSD, CTSH, CTTNBP2, CTU1, CUL2, CUL3, CUL4A, CUL5, CUL7, CUL9, CUTC, CWC25, CWC27, CWF19L1, CXXC1, CXXC4, CXorf38, CYB561D1, CYB5A, CYB5D2, CYB5R1, CYB5R3, CYB5RL, CYBA, CYLD, CYP20A1, CYP27C1, CYP4X1, CYTH2, DAB2, DAB2IP, DACH2, DAG1, DALRD3, DAP, DAP3, DAPP1, DARS2, DAZAP1, DBF4, DBF4B, DBNL, DBR1, DBT, DCAF1, DCAF10, DCAF11, DCAF15, DCAF16, DCAF5, DCAF6, DCAF7, DCAKD, DCBLD1, DCBLD2, DCDC2, DCLRE1A, DCLRE1C, DCN, DCP1B, DCP2, DCPS, DCTN2, DCTN4, DCTN5, DCUN1D1, DCUN1D5, DDB1, DDHD1, DDI2, DDX1, DDX10, DDX11, DDX19A, DDX20, DDX31, DDX39B, DDX42, DDX46, DDX49, DDX5, DDX50, DDX52, DDX55, DDX6, DDX60L, DEAF1, DEDD, DEF6, DEF8, DEGS2, DEK, DENND1A, DENND1B, DENND1C, DENND4B, DENND4C, DENND6A, DENR, DEPDC5, DERL1, DESI1, DESI2, DET1, DFFA, DFFB, DGCR2, DGCR8, DGKA, DGUOK, DHDDS, DHFR, DHODH, DHRS1, DHRS7B, DHRSX, DHX16, DHX29, DHX30, DHX32, DHX35, DHX36, DHX38, DHX40, DHX57, DHX8, DIAPH1, DIDO1, DIMT1, DIO2, DIS3, DIS3L, DIS3L2, DISC1, DISP1, DKK2, DLAT, DLG1, DLG5, DMPK, DMTF1, DMXL2, DNA2, DNAAF2, DNAH1, DNAJB12, DNAJB14, DNAJC1, DNAJC11, DNAJC13, DNAJC15, DNAJC16, DNAJC18, DNAJC2, DNAJC21, DNAJC24, DNAJC27, DNAJC4, DNAJC7, DNAJC9, DNHD1, DNMT1, DNPEP, DNTTIP1, DNTTIP2, DOCK1, DOCK11, DOCK2, DOCK5, DOCK7, DOHH, DOLPP1, DPCD, DPF2, DPF3, DPH5, DPH7, DPP7, DPP8, DPY19L3, DPY19L4, DPY30, DPYD, DPYSL4, DR1, DRAM1, DRC3, DRG1, DRG2, DROSHA, DSC2, DSN1, DSTYK, DTD1, DTX2, DTYMK, DUOX1, DUOXA1, DUS2, DUSP14, DUSP3, DVL3, DYM, DYNC1LI1, DYRK1A, DYRK2, DZANK1, DZIP1L, E2F6, E4F1, EAF1, EAF2, EARS2, EBF1, EBLN2, EBP, EBPL, ECD, ECHDC1, ECI2, ECM1, ECM2, ECSIT, ECT2, EDC3, EDEM2, EDEM3, EDRF1, EED, EEF1A1, EEF1AKMT2, EEF1D, EEF2K, EEFSEC, EFCAB14, EFCAB2, EFCAB7, EFEMP1, EFHD1, EFL1, EFR3A, EFTUD2, EGLN1, EGLN2, EGLN3, EHBP1L1, EHMT1, EI24, EIF1AY, EIF2AK2, EIF2AK4, EIF2B1, EIF2B2, EIF2B3, EIF2B4, EIF2B5, EIF2S1, EIF2S3, EIF3A, EIF3B, EIF3D, EIF3E, EIF3F, EIF3L, EIF3M, EIF4E2, EIF4EBP1, EIF4EBP2, EIF4ENIF1, EIF4G3, EIF4H, EIF5, ELAC1, ELAC2, ELAVL1, ELF2, ELF4, ELFN1, ELFN2, ELK4, ELMO2, ELMOD2, ELMOD3, ELOA, ELP3, EMC1, EMC10, EMC2, EMC3, EMC8, EMG1, EMILIN1, EML2, EML3, EMSY, ENDOD1, ENDOV, ENO4, ENOPH1, ENPP2, ENTPD4, ENTPD6, EOGT, EP400, EPAS1, EPB41, EPB41L4A, EPB42, EPC1, EPC2, EPHA10, EPM2A, EPN1, EPN2, EPS15, EPS15L1, EPS8, EPSTI1, ERAL1, ERC1, ERCC3, ERCC6, ERCC6L2, ERCC8, ERG, ERI3, ERICH1, ERLEC1, ERLIN1, ERMN, ERMP1, ERN1, ERO1A, ERO1B, ERP29, ESCO1, ESF1, ESR2, ESRP1, ESRRB, ESYT1, ETFA, ETFDH, ETFRF1, ETHE1, EVI5L, EWSR1, EXD3, EXOC2, EXOC3, EXOC5, EXOC6, EXOC7, EXOC8, EXOG, EXOSC1, EXOSC10, EXOSC2, EXOSC6, EXOSC7, EXOSC8, EXT1, EXT2, EYA3, EYA4, FADS1, FADS2, FADS3, FAF2, FAH, FAM114A2, FAM117A, FAM118B, FAM120A, FAM120AOS, FAM124A, FAM133B, FAM136A, FAM151B, FAM156A, FAM161A, FAM168A, FAM168B, FAM171A2, FAM174A, FAM184B, FAM193A, FAM199X, FAM204A, FAM20B, FAM217A, FAM219A, FAM219B, FAM220A, FAM221A, FAM222B, FAM228B, FAM234A, FAM3C, FAM53B, FAM83D, FAM8A1, FAM91A1, FAM98A, FAM98C, FAN1, FANCA, FANCC, FANCM, FANK1, FAR1, FAR2, FARS2, FARSB, FASN, FASTKD1, FAT1, FAXDC2, FBLN7, FBP1, FBRS, FBRSL1, FBXL18, FBXL3, FBXL7, FBXO17, FBXO28, FBXO3, FBXO30, FBXO31, FBXO36, FBXO38, FBXO41, FBXO42, FBXO46, FBXO5, FBXO7, FBXO9, FBXW10, FBXW2, FBXW7, FBXW8, FCHO1, FDX1, FECH, FEM1C, FERMT2, FGD1, FGD2, FGD6, FGF1, FGF13, FGFR1OP2, FIG4, FIP1L1, FITM2, FKBP15, FKBP3, FKRP, FKTN, FLAD1, FLCN, FLRT3, FMN1, FN1, FN3KRP, FNBP1, FNBP1L, FNBP4, FNDC3A, FNIP1, FNTA, FOXJ3, FOXK1, FOXN2, FOXRED2, FPGS, FREM1, FRK, FRMD3, FRS2, FRYL, FSCN1, FTSJ3, FUBP1, FUBP3, FUCA2, FUS, FUT8, FXN, FXR1, FXYD5, FYCO1, FYN, FZD5, FZD6, FZR1, G2E3, G3BP1, G3BP2, GAB2, GAB3, GABPB1, GALC, GALK2, GALNS, GALNT10, GALNT15, GALNT2, GALNT6, GALNT7, GALNT8, GALT, GAN, GAPVD1, GAR1, GAREM1, GART, GAS7, GAS8, GATAD2B, GATB, GATC, GBA2, GBE1, GBF1, GBGT1, GBP1, GCFC2, GCLC, GCLM, GCN1, GDAP2, GDF11, GDPD1, GEMIN2, GEMIN5, GEN1, GFM1, GFM2, GFOD2, GFPT1, GGA1, GGA2, GGA3, GGNBP2, GGPS1, GGT7, GID4, GIGYF2, GIN1, GIPC1, GIPC2, GK5, GLB1, GLDN, GLE1, GLG1, GLI3, GLIS3, GLO1, GLOD4, GLRX, GLRX3, GLT1D1, GLTP, GLYR1, GMDS, GMEB1, GMIP, GMNN, GMPR, GMPR2, GMPS, GNA11, GNA14, GNA15, GNAI1, GNAI2, GNB1L, GNG11, GNL2, GNPAT, GNPDA1, GNPDA2, GNPNAT1, GNPTG, GNS, GOLGA2, GOLGA3, GOLGA5, GOLGA8A, GOLGB1, GOLT1B, GON4L, GOPC, GORAB, GORASP1, GORASP2, GOSR1, GOSR2, GPAM, GPANK1, GPATCH1, GPATCH11, GPATCH2, GPATCH2L, GPATCH8, GPBP1L1, GPR107, GPR137, GPR155, GPR157, GPR160, GPR180, GPR85, GPR89A, GPR89B, GPSM3, GPT2, GREM2, GRIK1, GRIK3, GRIK5, GRIN2C, GRIN3A, GRIPAP1, GRK2, GRK6, GRM4, GRPEL2, GRSF1, GSDMB, GSK3B, GSKIP, GSPT1, GSR, GSS, GSTCD, GSTK1, GTDC1, GTF2E2, GTF2H1, GTF2H2, GTF2H2C, GTF2H3, GTF3A, GTF3C2, GTF3C3, GTF3C4, GTF3C5, GTF3C6, GTPBP10, GTPBP2, GTPBP3, GTPBP8, GUF1, GXYLT1, GYG1, GYS1, H6PD, HACD3, HACE1, HADHA, HADHB, HARS2, HAT1, HAUS2, HAUS3, HAUS6, HAUS8, HBS1L, HCFC1, HCLS1, HDAC1, HDAC10, HDAC2, HDAC3, HDAC6, HDAC7, HDGF, HDHD3, HDHD5, HEATR4, HEATR6, HEBP1, HEBP2, HECTD1, HECTD3, HECTD4, HEG1, HELB, HEMK1, HERC2, HERC4, HERC6, HHIPL1, HIBCH, HIF1AN, HIGD1B, HIKESHI, HINFP, HINT3, HIP1, HIPK1, HIRA, HIVEP3, HK1, HK2, HLA.DOA, HLCS, HM13, HMBOX1, HMCES, HMG20A, HMG20B, HMGCL, HMGCS1, HMGN1, HMGN4, HMGXB4, HNRNPA2B1, HNRNPA3, HNRNPD, HNRNPDL, HNRNPH3, HNRNPLL, HNRNPR, HNRNPUL1, HNRNPUL2, HOMER2, HOMEZ, HOOK2, HPRT1, HPS1, HPS4, HPSE, HPSE2, HS1BP3, HS2ST1, HS3ST1, HSCB, HSD17B12, HSD17B14, HSD17B3, HSD17B4, HSDL1, HSDL2, HSF1, HSF2, HTATIP2, HTR2B, HTR2C, HTT, HUS1, IARS2, ICE1, ID1, IDE, IDH1, IDH2, IDH3A, IDUA, IFI16, IFI27, IFITM3, IFT122, IFT140, IFT20, IFT43, IFT46, IFT52, IFT81, IGBP1, IGFBP7, IGHMBP2, IGSF21, IKBKB, IKZF1, IKZF4, IL10RB, IL12RB2, IL15, IL18, IL20RB, IL2RA, IL7, ILK, ILKAP, IMMP1L, IMPA1, IMPA2, IMPDH1, IMPG2, INF2, ING3, ING5, INIP, INO80, INPP5A, INPP5B, INPP5F, INPP5K, INPPL1, INSIG2, INTS10, INTS11, INTS12, INTS13, INTS14, INTS4, INTS6L, INTS8, INTS9, INVS, IP6K1, IP6K2, IPO11, IPO13, IPO8, IPPK, IQCB1, IQCE, IQCH, IQCK, IRAK1, IRAK4, IREB2, IRF5, IRF8, IRGQ, ISG20L2, IST1, ITGA1, ITGA10, ITGA3, ITGA6, ITGA9, ITGAE, ITGAL, ITGAM, ITGB1, ITGB1BP1, ITGB2, ITGB8, ITIH2, ITIH5, ITPA, ITPK1, ITPRIPL2, ITSN2, IWS1, JADE1, JADE3, JAK1, JAZF1, JMJD1C, JPT2, JRKL, KANSL1, KANSL2, KANSL3, KAT6A, KAT7, KATNA1, KATNAL2, KATNBL1, KBTBD2, KBTBD6, KCMF1, KCNC3, KCNH8, KCNIP1, KCNJ8, KCNK13, KCNK2, KCNK6, KCNMA1, KCNQ3, KCTD10, KCTD12, KCTD2, KCTD6, KCTD9, KDELR1, KDM1A, KDM1B, KDM2A, KDM4B, KDM4C, KDM5B, KDM5C, KDM5D, KDM6A, KDSR, KHDC1, KHDRBS1, KHNYN, KHSRP, KIAA0319L, KIAA0513, KIAA0586, KIAA0753, KIAA0825, KIAA1143, KIAA1191, KIAA1586, KIAA2013, KIDINS220, KIF13A, KIF13B, KIF1C, KIF2A, KIF5B, KIN, KIT, KLC4, KLF13, KLF3, KLF9, KLHDC10, KLHDC2, KLHDC4, KLHL1, KLHL12, KLHL13, KLHL15, KLHL20, KLHL21, KLHL22, KLHL26, KLHL28, KLHL3, KLHL7, KLHL8, KLHL9, KLKB1, KLRD1, KMO, KMT2B, KMT2C, KMT2D, KMT5A, KPNA1, KPNA3, KPNA5, KPNA6, KRI1, KRIT1, KTN1, KXD1, KYAT1, KYAT3, KYNU, L3HYPDH, L3MBTL2, L3MBTL4, LAMC3, LAMP1, LAMP2, LAMTOR1, LAPTM4A, LAPTM5, LARGE1, LARP1, LARS2, LAS1L, LASP1, LAT2, LATS1, LBR, LCMT1, LCOR, LCP1, LDAH, LDLRAD3, LDLRAD4, LEMD2, LEMD3, LEO1, LETM1, LETMD1, LGALS3BP, LGALSL, LGI2, LHFPL3, LHPP, LIAS, LIG3, LIG4, LILRA2, LIMA1, LIMD1, LIMK1, LIN52, LIN54, LIN7C, LINS1, LIX1L, LLGL2, LLPH, LMAN1, LMAN2, LMAN2L, LMBR1, LMBR1L, LMBRD2, LMLN, LMO2, LMTK3, LNPEP, LNX2, LPGAT1, LPP, LRCH3, LRGUK, LRIF1, LRIG2, LRP1, LRP10, LRP12, LRP2, LRP2BP, LRP8, LRRC1, LRRC2, LRRC20, LRRC23, LRRC25, LRRC40, LRRC41, LRRC53, LRRC57, LRRC58, LRRC59, LRRC63, LRRC69, LRRC8A, LRRC9, LRRFIP2, LRRK2, LRRTM2, LRSAM1, LSG1, LSM12, LSM14A, LSM6, LSM8, LTA4H, LTN1, LTV1, LUC7L, LUC7L3, LUZP1, LYL1, LYPLA1, LYRM1, LYRM2, LYRM4, LYSMD4, LZIC, LZTR1, M6PR, MACF1, MACROD1, MAGOH, MAGOHB, MAIP1, MALSU1, MAML1, MAN1B1, MAN1C1, MAN2B1, MAN2B2, MAN2C1, MANBAL, MAOA, MAP1S, MAP2K2, MAP2K7, MAP3K10, MAP3K11, MAP3K2, MAP3K20, MAP3K21, MAP3K7, MAP3K9, MAP4K1, MAP4K5, MAP7D3, MAPK14, MAPK1IP1L, MAPK9, MAPKAP1, MAPKAPK3, MAPKAPK5, MARK2, MARK3, MAST2, MAST3, MASTL, MATN2, MAU2, MAVS, MAX, MBD1, MBD3, MBD4, MBD6, MBIP, MBLAC2, MBNL2, MBTPS1, MBTPS2, MCF2, MCF2L, MCFD2, MCM3, MCM3AP, MCM5, MCM6, MCM9, MCMBP, MCOLN1, MCPH1, MCRIP1, MCTS1, MCUR1, MDC1, MDFIC, MDM2, MDN1, ME2, MECOM, MECR, MED1, MED12, MED13, MED14, MED15, MED17, MED21, MED22, MED23, MED25, MED27, MED28, MED30, MED4, MED6, MED7, MED8, MED9, MEGF10, MEGF11, MEGF8, MEGF9, MEI1, MEP1A, MEPCE, MERTK, MET, METAP1, METAP1D, METAP2, METTL13, METTL16, METTL17, METTL22, METTL23, METTL24, METTL2A, METTL2B, METTL3, METTL4, METTL5, METTL8, MEX3A, MFAP1, MFAP3L, MFHAS1, MFN2, MFNG, MFSD1, MFSD12, MFSD13A, MFSD14B, MFSD2B, MFSD4B, MFSD8, MGA, MGAT1, MGAT4A, MGRN1, MIA3, MIB1, MICAL1, MICU1, MICU2, MIEF1, MIER1, MIER3, MIF4GD, MIGA2, MIIP, MINDY2, MINDY3, MINK1, MIS12, MITD1, MITF, MKKS, MKRN1, MKRN2, MKRN2OS, MKRN3, MKX, MLEC, MLF1, MLH3, MLLT10, MLX, MLXIP, MLXIPL, MMAA, MMAB, MMADHC, MMP24, MMS19, MNT, MOB1A, MOB1B, MOB2, MOB3A, MOCOS, MOGS, MON1A, MON1B, MON2, MORC2, MORC3, MORN1, MOSPD2, MOV10L1, MOXD1, MPC1, MPHOSPH10, MPHOSPH6, MPHOSPH8, MPHOSPH9, MPI, MPST, MPV17, MPZL1, MR1, MRAS, MREG, MRFAP1L1, MRM2, MRO, MROH1, MROH8, MRPL1, MRPL13, MRPL15, MRPL22, MRPL35, MRPL39, MRPL4, MRPL42, MRPL45, MRPL48, MRPL50, MRPL58, MRPS10, MRPS11, MRPS14, MRPS16, MRPS18B, MRPS22, MRPS25, MRPS27, MRPS30, MRPS31, MRPS35, MRPS5, MRPS7, MRPS9, MRRF, MRS2, MRTO4, MSANTD2, MSANTD3, MSANTD4, MSH3, MSH6, MSL1, MSL2, MSL3, MSRB2, MTBP, MTCH2, MTDH, MTERF1, MTERF2, MTERF3, MTF1, MTF2, MTFMT, MTFR1, MTFR1L, MTG2, MTHFD1, MTIF2, MTIF3, MTM1, MTMR1, MTMR12, MTMR14, MTMR2, MTMR3, MTMR4, MTMR6, MTO1, MTOR, MTPAP, MTPN, MTR, MTRF1L, MTRR, MTUS1, MTX3, MUL1, MUTYH, MX1, MX2, MXRA7, MYADM, MYBBP1A, MYH9, MYLIP, MYLK, MYLK3, MYNN, MYO19, MYO1C, MYO7A, MYOF, MYOM2, MYPOP, MYT1, MZF1, N4BP1, N6AMT1, NAA16, NAA20, NAA25, NAA30, NAA35, NAA40, NAA50, NAA60, NAAA, NAB1, NABP2, NACC2, NADK, NADSYN1, NAE1, NAGA, NAIP, NANOS3, NAP1L1, NAP1L4, NAPG, NARF, NARS2, NAT9, NAV3, NBAS, NBDY, NBEAL1, NBEAL2, NBN, NBPF19, NBPF9, NCAPG2, NCBP2, NCBP3, NCF2, NCF4, NCKAP5, NCKAP5L, NCOA1, NCOA3, NCOA6, NCOR1, NCSTN, NDC1, NDFIP1, NDOR1, NDST1, NDUFA4L2, NDUFAF1, NDUFAF2, NDUFAF5, NDUFAF7, NDUFC2.KCTD14, NDUFV3, NEB, NECAP2, NEDD4, NEIL1, NEIL2, NEK10, NEK11, NEK4, NEK9, NELFB, NELFE, NEMF, NET1, NEU3, NEXN, NF1, NF2, NFATC2, NFATC2IP, NFE2L1, NFIC, NFKBIL1, NFRKB, NFU1, NFX1, NGB, NGDN, NIFK, NINJ1, NINJ2, NINL, NIPA1, NIPA2, NIPAL2, NIPSNAP2, NKAIN3, NKIRAS1, NLGN2, NLGN4Y, NLK, NLN, NLRX1, NMD3, NME9, NMNAT1, NMT1, NNT, NOA1, NOC2L, NOC3L, NOL11, NOL7, NOL8, NOL9, NOM1, NOP14, NOP2, NOP53, NOP9, NOS1, NOSIP, NOTCH2, NOTCH3, NOTCH4, NOXA1, NPAS1, NPC1, NPEPPS, NPIPB5, NPLOC4, NPRL3, NQO2, NR1H2, NR1H3, NR2C1, NR2F6, NR3C1, NR6A1, NRBP1, NRDE2, NREP, NRF1, NRP1, NSD1, NSD2, NSDHL, NSFL1C, NSL1, NSMCE1, NSMCE2, NSMCE4A, NSRP1, NSUN2, NSUN3, NSUN4, NSUN5, NSUN6, NT5DC1, NT5M, NTAN1, NUBP1, NUBP2, NUDCD1, NUDCD3, NUDT12, NUDT13, NUDT19, NUDT22, NUDT3, NUDT4, NUDT5, NUFIP1, NUMA1, NUMB, NUP107, NUP153, NUP155, NUP160, NUP188, NUP210, NUP214, NUP35, NUP43, NUP50, NUP54, NUP85, NUP88, NUP93, NUTF2, NVL, NXPH1, OARD1, OAS3, OAZ2, ODC1, OGDH, OGFOD1, OGFOD3, OGFR, OGG1, OGT, OLA1, OPA1, OPN3, OPRD1, ORAI2, ORC2, ORC3, ORC4, ORC5, ORMDL1, OS9, OSBP, OSBPL2, OSBPL9, OSCP1, OSGIN2, OSTF1, OSTM1, OTUD3, OTUD4, OTUD5, OTUD6B, OTULIN, OVOL2, OXA1L, OXNAD1, OXSR1, P2RY11, P2RY14, PABPC1L, PABPC4, PACS1, PACSIN2, PAFAH1B2, PAIP1, PAIP2, PAK1, PAK1IP1, PAK2, PALLD, PALMD, PANK1, PAPSS1, PAPSS2, PAQR3, PAQR8, PARD6A, PARD6G, PARG, PARP1, PARP10, PARP12, PARP14, PARP15, PARP4, PARP6, PATL1, PAWR, PAX8, PAXBP1, PAXIP1, PBRM1, PBX2, PC, PCCB, PCDH15, PCF11, PCGF3, PCGF5, PCGF6, PCID2, PCNP, PCOLCE2, PCP4L1, PCSK5, PCSK7, PCTP, PDAP1, PDCD10, PDCD2, PDCD6, PDCD6IP, PDCD7, PDE12, PDE1B, PDE3A, PDE4B, PDE4DIP, PDE6B, PDE7A, PDGFD, PDGFRB, PDIK1L, PDK1, PDK3, PDLIM5, PDLIM7, PDP2, PDPK1, PDPR, PDRG1, PDS5A, PDS5B, PDXDC1, PDXK, PDZD8, PELP1, PEMT, PES1, PEX10, PEX11B, PEX13, PEX14, PEX26, PEX3, PEX6, PFAS, PGAP2, PGAP3, PGBD1, PGD, PGGT1B, PGLS, PGP, PGPEP1, PHACTR2, PHACTR4, PHAX, PHC1, PHF10, PHF12, PHF2, PHF20L1, PHF21A, PHF23, PHF5A, PHF6, PHF8, PHIP, PHKB, PHLDB1, PHLDB2, PHRF1, PHTF1, PHTF2, PHYKPL, PI4K2A, PI4KA, PI4KB, PIAS1, PIAS4, PICALM, PICK1, PIGH, PIGL, PIGS, PIGT, PIGX, PIGZ, PIH1D1, PIK3AP1, PIK3C2A, PIK3C2G, PIK3CB, PIK3IP1, PIK3R4, PIK3R5, PIKFYVE, PILRB, PIN4, PIP4K2A, PIP4K2B, PIP5K1A, PIP5K1C, PIR, PITRM1, PKD2, PKN1, PKNOX1, PLA2G4C, PLAA, PLAGL1, PLB1, PLBD1, PLBD2, PLCB2, PLCE1, PLCXD1, PLEC, PLEKHA2, PLEKHA3, PLEKHA8, PLEKHG3, PLEKHG5, PLEKHH1, PLEKHM1, PLIN2, PLLP, PLOD1, PLOD2, PLOD3, PLPBP, PLPP1, PLS1, PLXDC2, PLXNA1, PLXNA2, PLXNC1, PLXND1, PM20D2, PMFBP1, PML, PMPCB, PMS1, PMVK, PNLDC1, PNN, PNPLA2, PNPLA6, PNPT1, PNRC2, POC1A, POC5, PODXL, POFUT1, POFUT2, POGK, POGLUT1, POGZ, POLA1, POLD3, POLDIP3, POLE, POLE2, POLE4, POLG, POLH, POLK, POLL, POLM, POLR1B, POLR1D, POLR2B, POLR2C, POLR2E, POLR2F, POLR2J3, POLR3A, POLR3B, POLR3C, POLR3E, POLR3G, POLR3H, POM121, POM121C, POMGNT2, POMK, POMT1, POMT2, POP1, POP5, POT1, POTEG, POU2F2, POU6F1, PPARGC1B, PPAT, PPCDC, PPCS, PPFIA1, PPHLN1, PPID, PPIE, PPIG, PPIH, PPIL1, PPIL2, PPIL4, PPIL6, PPIP5K1, PPIP5K2, PPM1G, PPM1M, PPP1CA, PPP1CC, PPP1R12A, PPP1R12C, PPP1R18, PPP1R2, PPP1R36, PPP1R3F, PPP1R7, PPP1R8, PPP2R1B, PPP2R3A, PPP2R3C, PPP2R5A, PPP2R5D, PPP3CB, PPP3CC, PPP4R1, PPP4R2, PPP4R3B, PPP6C, PPP6R1, PPP6R2, PPT1, PPWD1, PRAG1, PRAM1, PRCC, PRCP, PRDM15, PRDM16, PRDM2, PREB, PRELID3A, PREP, PREX1, PRKAA1, PRKAB2, PRKACA, PRKAG1, PRKAG2, PRKCA, PRKCB, PRKCSH, PRKDC, PRKRA, PRKRIP1, PRKX, PRMT2, PRMT3, PRMT5, PROSER1, PROSER3, PROX1, PRPF3, PRPF31, PRPF38A, PRPF39, PRPF4, PRPF40A, PRPF40B, PRPF6, PRPF8, PRPS2, PRPSAP1, PRPSAP2, PRR12, PRR14L, PRR16, PRR3, PRRC1, PRRC2A, PRRC2B, PRRG1, PRUNE1, PSAP, PSD4, PSEN1, PSEN2, PSG8, PSKH1, PSMA2, PSMA3, PSMA6, PSMB2, PSMB7, PSMB9, PSMC2, PSMC6, PSMD11, PSMD12, PSMD13, PSMD14, PSMD2, PSMD4, PSMD5, PSMD6, PSMD7, PSMF1, PSMG1, PSMG2, PSPH, PSTK, PTAR1, PTBP2, PTBP3, PTCD2, PTCD3, PTCH1, PTDSS2, PTEN, PTER, PTGES2, PTGFRN, PTGR1, PTGS1, PTH2R, PTPDC1, PTPN11, PTPN12, PTPN18, PTPN20, PTPN21, PTPN23, PTPN9, PTPRA, PTPRC, PTPRU, PTS, PTTG1IP, PUDP, PUM1, PUM2, PUM3, PURB, PUS10, PUS7, PUS7L, PWWP2A, PXDC1, PXDNL, PXK, PXMP4, PYGB, PYM1, PYROXD1, QDPR, QRICH1, QRICH2, QRSL1, QSOX1, QSOX2, QTRT2, R3HCC1L, R3HDM4, RAB11FIP2, RAB12, RAB14, RAB18, RAB1B, RAB23, RAB28, RAB29, RAB2B, RAB33B, RAB35, RAB37, RAB39A, RAB39B, RAB3B, RAB3D, RAB3GAP1, RAB40C, RAB5A, RAB5B, RAB6A, RAB8A, RAB9A, RAB9B, RABEP1, RABEPK, RABGAP1, RABIF, RABL2B, RABL3, RAC1, RAD1, RAD17, RAD23B, RAD54L2, RAE1, RAI1, RALA, RALB, RALBP1, RALGAPA1, RALGAPB, RALGDS, RALGPS2, RALY, RANBP10, RANBP3, RANBP6, RAP1GDS1, RAP2A, RAP2B, RAP2C, RAPGEF3, RARRES1, RARS2, RASGRP2, RASSF4, RASSF8, RBAK, RBAK.RBAKDN, RBBP4, RBBP5, RBBP6, RBBP7, RBCK1, RBFA, RBL1, RBM10, RBM12, RBM12B, RBM14.RBM4, RBM15, RBM17, RBM18, RBM19, RBM22, RBM23, RBM28, RBM33, RBM39, RBM4, RBM48, RBM4B, RBM5, RBM6, RBMS2, RBMX, RBMX2, RBMXL1, RBPMS, RBPMS2, RBSN, RC3H1, RC3H2, RCAN1, RCAN3, RCC1L, RCHY1, RCL1, RDH13, RDX, RECK, RECQL5, REEP3, REEP5, RELL1, RELN, REPS1, RETREG3, RETSAT, REV1, REV3L, REXO1, REXO2, REXO4, RFC1, RFC2, RFC4, RFFL, RFT1, RFTN1, RFTN2, RFWD3, RFX1, RFX2, RFX3, RFX4, RFXAP, RGMA, RGMB, RGPD8, RGS19, RGS5, RHBDD3, RHBDF2, RHBDL2, RHOG, RHOT1, RHOT2, RIC8B, RIF1, RILPL1, RIMKLB, RINT1, RIOK1, RIOK2, RIOK3, RIOX2, RIPK1, RIPOR1, RIPOR2, RITA1, RLIM, RMDN2, RMDN3, RMND1, RMND5A, RMND5B, RNASEH1, RNASET2, RNF10, RNF111, RNF115, RNF121, RNF123, RNF128, RNF138, RNF14, RNF145, RNF146, RNF167, RNF169, RNF185, RNF19A, RNF2, RNF20, RNF216, RNF217, RNF26, RNF34, RNF4, RNF40, RNF41, RNF6, RNFT1, RNLS, RNPEP, RNPEPL1, RNPS1, ROCK1, ROR1, RPA1, RPAIN, RPAP1, RPAP2, RPE, RPF1, RPF2, RPGR, RPIA, RPL27A, RPL3, RPL7L1, RPN2, RPP14, RPP30, RPRD1B, RPS19, RPS27L, RPS3, RPS4Y1, RPS6KA1, RPS6KA2, RPS6KA3, RPS6KB1, RPS6KB2, RPS6KC1, RPSA, RPTOR, RRAGB, RRAGD, RREB1, RRM1, RRM2B, RRN3, RRP12, RRP1B, RRP36, RRP7A, RSBN1, RSBN1L, RSL1D1, RSPH3, RSPRY1, RSRC2, RSU1, RTCA, RTCB, RTN4RL1, RUBCNL, RUFY1, RUFY2, RUFY3, RUNDC1, RUNX2, RWDD4, RXRA, RYK, RYR3, SAAL1, SACM1L, SAE1, SAFB, SAFB2, SAMD4B, SAMD5, SAMHD1, SAP130, SAP30BP, SAR1B, SARM1, SART3, SASH3, SASS6, SAV1, SBF2, SBNO1, SCAF11, SCAF4, SCAF8, SCAMP1, SCAMP3, SCAMP4, SCAP, SCAPER, SCARA3, SCARB2, SCFD2, SCIMP, SCMH1, SCN1B, SCNM1, SCO1, SCPEP1, SCRN1, SCRN3, SCUBE1, SCYL1, SDAD1, SDCCAG8, SDHA, SDHAF3, SDHB, SDHC, SDHD, SDK1, SDK2, SEC11A, SEC13, SEC22A, SEC22C, SEC23A, SEC24B, SEC24C, SEC31B, SEC61A1, SEC61A2, SECISBP2, SEL1L, SELENOF, SELENOI, SELENON, SELENOO, SEM1, SEMA3E, SEMA4B, SEMA4F, SEMA4G, SEMA5A, SEMA5B, SEMA6A, SENP1, SENP2, SENP8, SERAC1, SERBP1, SERGEF, SERINC5, SERPINF2, SETBP1, SETD1A, SETD1B, SETD3, SETD4, SETD5, SETDB1, SETDB2, SETMAR, SETX, SEZ6, SF3A1, SF3B1, SF3B2, SF3B3, SFI1, SFPQ, SFSWAP, SFT2D1, SFT2D2, SFXN2, SFXN4, SGCB, SGF29, SGMS1, SGO2, SGPL1, SGPP1, SGSM2, SH2B1, SH2D3C, SH3BGRL, SH3BP1, SH3BP5L, SH3TC2, SHARPIN, SHC1, SHISA5, SHKBP1, SHOC2, SHROOM2, SHROOM4, SIAE, SIDT2, SIGLEC10, SIKE1, SIL1, SIPA1, SIPA1L3, SIRPA, SIRPB2, SIRT2, SIRT3, SIRT6, SIRT7, SKAP2, SKI, SLAIN2, SLC10A7, SLC12A7, SLC16A1, SLC16A14, SLC16A9, SLC19A1, SLC1A4, SLC20A2, SLC22A5, SLC24A1, SLC25A13, SLC25A16, SLC25A17, SLC25A20, SLC25A24, SLC25A26, SLC25A28, SLC25A30, SLC25A32, SLC25A38, SLC25A39, SLC25A40, SLC25A42, SLC25A43, SLC25A46, SLC25A53, SLC26A11, SLC27A1, SLC27A5, SLC29A1, SLC2A1, SLC30A1, SLC30A10, SLC30A4, SLC30A5, SLC30A6, SLC30A7, SLC33A1, SLC35A3, SLC35A4, SLC35A5, SLC35B3, SLC35C2, SLC35D1, SLC35E1, SLC35E4, SLC35F5, SLC36A1, SLC36A4, SLC37A1, SLC38A10, SLC38A11, SLC38A2, SLC38A5, SLC38A7, SLC39A11, SLC39A12, SLC39A8, SLC43A1, SLC44A2, SLC45A4, SLC46A1, SLC48A1, SLC4A1AP, SLC4A2, SLC5A11, SLC5A6, SLC6A12, SLC6A6, SLC7A6, SLC7A6OS, SLC7A7, SLC7A8, SLC8B1, SLC9A5, SLC9A7, SLC9A8, SLC9B2, SLCO1C1, SLCO2B1, SLCO4A1, SLF2, SLFN12, SLITRK1, SLMAP, SLTM, SLX4, SMAD2, SMAD4, SMAD5, SMARCA1, SMARCA4, SMARCA5, SMARCAD1, SMARCAL1, SMARCB1, SMARCC1, SMARCC2, SMARCD2, SMARCD3, SMARCE1, SMC2, SMC3, SMC4, SMCO4, SMCR8, SMG5, SMG6, SMG7, SMIM12, SMIM13, SMIM15, SMIM19, SMIM7, SMPD4, SMU1, SMURF1, SMYD5, SNAI3, SNAP29, SNAP47, SNAPC3, SNAPC4, SNCA, SNF8, SNIP1, SNRK, SNRNP200, SNRNP40, SNRNP48, SNRNP70, SNRPA, SNRPC, SNRPD3, SNUPN, SNX10, SNX11, SNX12, SNX19, SNX25, SNX27, SNX3, SNX31, SNX4, SNX5, SNX6, SNX7, SOCS4, SOCS5, SOCS7, SON, SORBS3, SORD, SORT1, SOS2, SOX4, SOX6, SP110, SP140, SP140L, SP2, SP3, SPAG1, SPARC, SPATA2, SPATC1L, SPATS2, SPATS2L, SPCS3, SPDYA, SPEF2, SPEN, SPG11, SPG21, SPG7, SPHK2, SPI1, SPIDR, SPIRE1, SPN, SPOUT1, SPRTN, SPSB1, SPTLC1, SPTSSB, SRD5A3, SREK1IP1, SRFBP1, SRGAP3, SRP54, SRP68, SRP72, SRPK1, SRPRA, SRPRB, SRR, SRRM1, SRRM2, SRRT, SRSF1, SRSF10, SRSF12, SRSF5, SRSF6, SS18, SS18L1, SSBP1, SSH1, SSH2, SSH3, SSPN, SSR1, SSR2, SSR3, ST18, ST3GAL2, ST3GAL3, ST3GAL5, ST6GALNAC6, ST7L, ST8SIA6, STAC3, STAG1, STAM2, STAMBP, STAMBPL1, STARD13, STARD3, STARD3NL, STAT1, STAT5A, STAT6, STAU2, STIM1, STK11IP, STK24, STK32A, STK32C, STK35, STK36, STK38, STN1, STOX1, STPG1, STRADA, STRADB, STRBP, STRIP1, STRN, STRN3, STS, STT3A, STT3B, STX10, STX16.NPEPL1, STX18, STX2, STX3, STX5, STX6, STX8, STXBP3, STXBP4, STYX, SUCLA2, SUCLG1, SUCLG2, SUDS3, SUFU, SUGP1, SUGP2, SULF2, SUMF2, SUMO4, SUPT16H, SUPT20H, SUPT3H, SUPT5H, SUPT6H, SUPT7L, SUPV3L1, SURF4, SURF6, SUV39H2, SUZ12, SV2C, SVIL, SYCP2, SYCP2L, SYMPK, SYNCRIP, SYNRG, SYS1, SYT17, SYT2, SZRD1, SZT2, TAB3, TACC1, TACR1, TADA1, TADA2A, TADA2B, TADA3, TAF11, TAF12, TAF13, TAF15, TAF1B, TAF3, TAF4, TAF5L, TAF6, TAF6L, TAF7, TAGLN2, TAMM41, TANC2, TANGO6, TANK, TAOK1, TAOK2, TAPBP, TAPBPL, TARDBP, TARS2, TASP1, TATDN1, TATDN2, TAX1BP1, TBC1D10B, TBC1D13, TBC1D15, TBC1D16, TBC1D2, TBC1D20, TBC1D22B, TBC1D23, TBC1D25, TBC1D31, TBC1D9B, TBCA, TBCCD1, TBCD, TBCE, TBCEL, TBL1XR1, TBL2, TBP, TBPL1, TCAIM, TCEA1, TCF12, TCF25, TCF3, TCF4, TCF7L1, TCHP, TCOF1, TCP1, TCP11L1, TCTA, TCTN1, TDO2, TDP2, TDRKH, TECPR1, TECPR2, TEF, TEFM, TELO2, TERF1, TESC, TET1, TET2, TEX10, TEX11, TEX2, TEX22, TEX261, TFB2M, TFDP1, TFE3, TFEB, TFG, TFIP11, TGDS, TGFB1, TGOLN2, TGS1, THAP12, THAP3, THAP4, THAP5, THEM4, THEM6, THOC1, THOC2, THOC5, THOP1, THUMPD2, THUMPD3, TIAL1, TIGAR, TIMELESS, TIMM10B, TIMM21, TIMM22, TIMM23, TIMM23B, TIMM29, TIMM9, TIMMDC1, TIPIN, TIPRL, TIRAP, TJAP1, TJP2, TKT, TLDC2, TLE4, TLK1, TLK2, TLL1, TLN1, TLN2, TLR1, TLR10, TLR5, TLR6, TM2D1, TM7SF3, TM9SF2, TM9SF4, TMA16, TMBIM6, TMC8, TMCC2, TMCO1, TMED10, TMED3, TMED4, TMED7.TICAM2, TMED8, TMEM104, TMEM106A, TMEM106C, TMEM109, TMEM11, TMEM117, TMEM120A, TMEM120B, TMEM127, TMEM128, TMEM131, TMEM138, TMEM140, TMEM143, TMEM144, TMEM161A, TMEM170A, TMEM170B, TMEM177, TMEM179B, TMEM184B, TMEM185A, TMEM192, TMEM196, TMEM209, TMEM219, TMEM222, TMEM223, TMEM229B, TMEM230, TMEM237, TMEM241, TMEM243, TMEM248, TMEM260, TMEM263, TMEM266, TMEM30A, TMEM33, TMEM38A, TMEM41A, TMEM41B, TMEM43, TMEM50A, TMEM51, TMEM62, TMEM65, TMEM69, TMEM79, TMEM80, TMEM87A, TMEM87B, TMEM94, TMEM97, TMF1, TMIGD3, TMOD3, TMPO, TMTC4, TMUB2, TMX1, TMX3, TNFAIP1, TNFAIP8L1, TNFRSF11A, TNFRSF21, TNFSF10, TNFSF13B, TNIP1, TNK2, TNKS, TNKS2, TNNT2, TNPO1, TNPO2, TNPO3, TNS1, TNS3, TOGARAM1, TOMM34, TOMM40, TOMM70, TONSL, TOP1, TOP3A, TOPBP1, TOPORS, TOR1A, TOR1AIP1, TOR1AIP2, TOR1B, TOX2, TOX3, TOX4, TP53, TP53BP1, TP53I3, TPD52, TPD52L2, TPGS2, TPMT, TPP1, TPP2, TPR, TPST2, TPT1, TRA2A, TRAF2, TRAF3, TRAF3IP1, TRAF3IP2, TRAF6, TRAK1, TRAM1, TRAM2, TRAP1, TRAPPC10, TRAPPC11, TRAPPC12, TRAPPC13, TRAPPC2, TRAPPC3, TRAPPC6B, TRAPPC8, TRAPPC9, TRDMT1, TREM2, TRERF1, TRIB2, TRIM11, TRIM13, TRIM14, TRIM24, TRIM27, TRIM33, TRIM35, TRIM36, TRIM38, TRIM4, TRIM41, TRIM44, TRIM5, TRIM52, TRIM65, TRIO, TRIP11, TRIP12, TRIP4, TRIT1, TRMT10B, TRMT10C, TRMT11, TRMT12, TRMT13, TRMT2B, TRMT44, TRMT61B, TRMU, TRNAU1AP, TRNT1, TRPC3, TRPC4AP, TRPC6, TRPM2, TRPM4, TRPM7, TRPS1, TRRAP, TRUB2, TSEN2, TSEN54, TSG101, TSHZ1, TSN, TSNARE1, TSNAX, TSPAN14, TSPAN31, TSPAN9, TSR3, TSSC4, TSTD2, TTC1, TTC19, TTC21B, TTC23, TTC27, TTC33, TTC38, TTC39C, TTC7B, TTC9C, TTF1, TTF2, TTI2, TTL, TTLL1, TTLL5, TTPAL, TTYH2, TUBA1C, TUBD1, TUBGCP2, TUBGCP3, TUBGCP4, TUG1, TULP3, TULP4, TVP23A, TVP23B, TWIST2, TXK, TXLNG, TXN2, TXNDC12, TXNDC15, TXNDC9, TXNL4B, TXNRD1, TXNRD2, TXNRD3, TYK2, TYSND1, TYW1, TYW1B, TYW3, TYW5, U2AF1, U2AF2, U2SURP, UACA, UBA1, UBA3, UBAC1, UBALD1, UBALD2, UBAP2, UBE2D1, UBE2D2, UBE2E1, UBE2G1, UBE2G2, UBE2I, UBE2J2, UBE2K, UBE2L3, UBE2L6, UBE2N, UBE2Q2, UBE2R2, UBE2Z, UBE3A, UBE3B, UBE3C, UBE4A, UBFD1, UBLCP1, UBN1, UBOX5, UBP1, UBQLN1, UBQLN4, UBR2, UBR3, UBR5, UBTD1, UBTF, UBXN4, UCHL5, UCK1, UEVLD, UFL1, UFM1, UFSP2, UGDH, UGGT1, UGGT2, UGP2, UGT8, UHMK1, UIMC1, ULK4, UMPS, UNC13B, UNC13D, UNC45A, UNC50, UNC93B1, UNK, UPF2, UPF3A, UPF3B, UPRT, UQCC1, UQCRC2, URGCP, UROS, USF2, USF3, USHBP1, USO1, USP1, USP12, USP13, USP14, USP16, USP20, USP22, USP25, USP28, USP3, USP31, USP33, USP34, USP39, USP42, USP45, USP46, USP47, USP48, USP7, USP8, USP9Y, UTP11, UTP14A, UTP14C, UTP18, UTP20, UTP23, UTP3, UTY, UXS1, VAC14, VAMP1, VAMP2, VAMP3, VAMP4, VAMP7, VAPB, VAT1, VAT1L, VAV1, VAV2, VAV3, VCAN, VCL, VCP, VCPIP1, VCPKMT, VEZF1, VEZT, VGLL4, VHL, VILL, VIPAS39, VKORC1L1, VLDLR, VOPP1, VPS11, VPS13D, VPS16, VPS18, VPS26B, VPS29, VPS33A, VPS35, VPS36, VPS4B, VPS51, VPS52, VPS53, VPS54, VPS9D1, VRK3, VTA1, VTI1A, VWA8, VWF, WAC, WAPL, WARS2, WAS, WASF2, WASHC2A, WASHC2C, WASHC5, WASL, WBP11, WDFY1, WDR1, WDR11, WDR12, WDR20, WDR25, WDR26, WDR3, WDR33, WDR35, WDR36, WDR37, WDR4, WDR41, WDR44, WDR45B, WDR46, WDR48, WDR5, WDR53, WDR7, WDR73, WDR75, WDR77, WDR83, WDR89, WFS1, WHAMM, WIPF1, WIPF2, WNK3, WRN, WRNIP1, WSCD1, WWC2, WWC3, WWTR1, XIAP, XKR6, XKR9, XPA, XPC, XPNPEP1, XPNPEP3, XPO1, XPO4, XPO5, XPO6, XPOT, XPR1, XRCC1, XRCC3, XRCC4, XRCC5, XRCC6, XRRA1, XXYLT1, XYLB, XYLT1, XYLT2, YAF2, YAP1, YARS2, YBEY, YDJC, YEATS2, YIPF1, YIPF5, YIPF6, YKT6, YPEL5, YRDC, YTHDC1, YTHDC2, YTHDF1, YTHDF2, YWHAB, YWHAQ, YY1, YY1AP1, ZBED4, ZBTB1, ZBTB10, ZBTB14, ZBTB16, ZBTB17, ZBTB21, ZBTB24, ZBTB26, ZBTB33, ZBTB38, ZBTB4, ZBTB40, ZBTB41, ZBTB43, ZBTB46, ZBTB48, ZBTB49, ZBTB5, ZBTB7A, ZBTB8OS, ZC3H12D, ZC3H15, ZC3H18, ZC3H4, ZC3H7A, ZC3H7B, ZC3H8, ZC3HC1, ZC4H2, ZCCHC10, ZCCHC14, ZCCHC17, ZCCHC24, ZCCHC3, ZCCHC4, ZCCHC7, ZCCHC8, ZDBF2, ZDHHC14, ZDHHC15, ZDHHC18, ZDHHC3, ZDHHC5, ZDHHC6, ZDHHC7, ZEB2, ZFAND1, ZFAND6, ZFHX4, ZFP30, ZFP62, ZFP82, ZFP91, ZFR, ZFX, ZFY, ZFYVE1, ZFYVE16, ZFYVE19, ZFYVE26, ZFYVE27, ZFYVE9, ZGRF1, ZIC1, ZKSCAN1, ZKSCAN5, ZMAT3, ZMAT5, ZMIZ2, ZMPSTE24, ZMYM2, ZMYM4, ZMYM5, ZMYM6, ZMYND19, ZNF100, ZNF106, ZNF12, ZNF131, ZNF133, ZNF134, ZNF136, ZNF14, ZNF140, ZNF141, ZNF142, ZNF143, ZNF146, ZNF16, ZNF160, ZNF169, ZNF175, ZNF180, ZNF189, ZNF195, ZNF197, ZNF200, ZNF202, ZNF207, ZNF208, ZNF217, ZNF219, ZNF22, ZNF224, ZNF227, ZNF232, ZNF234, ZNF235, ZNF24, ZNF25, ZNF251, ZNF257, ZNF26, ZNF264, ZNF274, ZNF276, ZNF28, ZNF280C, ZNF281, ZNF283, ZNF292, ZNF3, ZNF30, ZNF302, ZNF316, ZNF317, ZNF320, ZNF322, ZNF326, ZNF330, ZNF335, ZNF337, ZNF341, ZNF346, ZNF354A, ZNF354B, ZNF354C, ZNF384, ZNF385A, ZNF407, ZNF41, ZNF423, ZNF426, ZNF429, ZNF43, ZNF430, ZNF431, ZNF432, ZNF44, ZNF440, ZNF445, ZNF449, ZNF45, ZNF451, ZNF454, ZNF460, ZNF461, ZNF473, ZNF480, ZNF484, ZNF496, ZNF500, ZNF512, ZNF516, ZNF518B, ZNF525, ZNF529, ZNF546, ZNF549, ZNF552, ZNF557, ZNF558, ZNF561, ZNF562, ZNF566, ZNF567, ZNF568, ZNF569, ZNF570, ZNF571, ZNF577, ZNF580, ZNF582, ZNF586, ZNF587, ZNF589, ZNF592, ZNF595, ZNF600, ZNF611, ZNF614, ZNF621, ZNF623, ZNF626, ZNF627, ZNF639, ZNF644, ZNF649, ZNF654, ZNF655, ZNF672, ZNF675, ZNF681, ZNF692, ZNF7, ZNF70, ZNF700, ZNF706, ZNF708, ZNF714, ZNF727, ZNF736, ZNF737, ZNF75A, ZNF75D, ZNF76, ZNF761, ZNF770, ZNF777, ZNF778, ZNF780A, ZNF783, ZNF785, ZNF786, ZNF789, ZNF79, ZNF790, ZNF791, ZNF793, ZNF800, ZNF804A, ZNF808, ZNF81, ZNF813, ZNF814, ZNF821, ZNF823, ZNF83, ZNF839, ZNF84, ZNF865, ZNF883, ZNF91, ZNF98, ZNRF1, ZRANB1, ZRANB2, ZRANB3, ZRSR2, ZSCAN12, ZSCAN18, ZSCAN20, ZSCAN25, ZSCAN29, ZSCAN5A, ZSWIM4, ZSWIM6, ZSWIM7, ZSWIM8, ZW10, ZXDC, ZYG11B, ZZEF1, ZZZ3]"
Mic21,"[ABCA2, ABCF1, ACAT2, ACSL6, ACTL6B, ADH5, ADO, ADPRHL1, AGAP3, AGT, AK4, AKR7A2, AKT1S1, ALDH6A1, AMZ2, ANKRD40, ANO8, ANP32E, ANXA6, APLP1, APOD, APOL2, ARHGDIA, ARHGEF17, ARL4A, ARL8A, ARMCX2, ARMCX3, ARPC4, ARVCF, ASB3, ASB6, ASPDH, ASPHD1, ATF4, ATG9A, ATP13A1, ATP1A1, ATP6AP1, ATP6AP2, ATP6V1B2, ATP6V1D, AUP1, B3GAT1, B4GALT3, B4GALT6, BASP1, BCAR1, BCL7A, BCL7B, BCS1L, BLOC1S2, BLOC1S6, BOD1, BRK1, BZW1, C14orf132, C17orf58, C1QL1, C2orf80, C4orf3, C8orf33, C9orf78, CADM3, CALCOCO1, CALM1, CAMK2A, CAMK2B, CAMLG, CARMIL2, CBR3, CBX1, CBX4, CCDC107, CCDC127, CCDC34, CCDC85B, CCKBR, CCSAP, CD47, CD59, CDC42EP4, CDIP1, CDIPT, CDKN1B, CDO1, CERS2, CFAP20, CFAP36, CFL2, CHD3, CHERP, CHMP3, CHPF, CHRM1, CHRNA4, CHRNB2, CHST1, CHTF18, CIC, CIPC, CISD3, CKMT1B, CLPP, CLPTM1, CLPTM1L, CLSTN1, CMTM5, CNN3, CNOT3, CNR1, CNTFR, COA5, COL16A1, COPRS, COPS6, COPS7A, COX20, COX7A2L, CPLX2, CPNE7, CPSF1, CRAT, CRLF1, CRMP1, CSRP1, CSTF2T, CTSF, CX3CL1, CXXC5, CYFIP2, CYP1B1, DACT3, DAPK3, DBN1, DCTN1, DDAH1, DDN, DDX41, DHCR24, DHCR7, DIRAS2, DKK3, DLG4, DLX1, DMAP1, DNAJC30, DNER, DUS1L, DUSP26, DUSP6, DVL1, DVL2, DYRK1B, ECHS1, ECI1, EDNRB, EFHD2, EFNB3, EHD3, EIF3G, EIF3I, EIF3J, EIF5A, ELOF1, EMX1, ENPP4, ENPP5, EPDR1, ERF, ERGIC3, ETFB, ETV1, F3, FAAP20, FAHD2A, FAM107A, FAM131B, FAM133A, FAM200B, FAM50A, FARSA, FASTK, FBL, FBXO45, FDPS, FEM1B, FGFR3, FH, FHL1, FIBP, FKBP8, FNDC4, FNDC5, FOXG1, FRG1, G6PD, GABRA1, GABRG1, GAD1, GAMT, GAP43, GDAP1L1, GFER, GHDC, GID8, GLT8D1, GMFB, GOLGA7, GOT2, GPAA1, GPKOW, GPM6A, GPM6B, GPR22, GPR37L1, GPRASP1, GPRC5B, GPRIN1, GPS1, GPSM1, GRHPR, GRINA, GSK3A, GSTA4, HAGH, HDAC11, HDDC2, HDHD2, HEPACAM, HEXIM1, HEY2, HGS, HINT2, HIRIP3, HMGCR, HMOX2, HNRNPA0, HPCAL1, HPCAL4, HPF1, HR, HRAS, HSBP1, HSF4, HSP90AB1, HSPA13, HSPA8, HTATSF1, HYI, ID4, IFT27, IGFBP2, IGFBP6, IGIP, IK, IMP3, INA, ING1, ING2, INPP1, INTS1, IQSEC1, ISCA1, ISOC2, JOSD2, JRK, KATNB1, KCNC4, KCNIP3, KCNJ10, KCNJ4, KCNJ9, KCNK12, KCNS1, KIF17, KIF1A, KLF16, KLHDC3, KPNA2, LAMP5, LAMTOR3, LANCL1, LDOC1, LIMD2, LINGO1, LMO4, LRPAP1, LRRC3B, LRRC47, LRRC8D, LSM4, LUC7L2, LZTS2, MAG, MAGEE1, MAL, MAN2A2, MANSC1, MAOB, MAP3K12, MAP7D1, MAP7D2, MAP9, MAPK8IP2, MATK, MED10, MED29, MEIS3, MFSD4A, MGAT4B, MGST1, MLST8, MMP17, MOG, MPC2, MPP2, MPV17L2, MRAP2, MRFAP1, MRPL19, MRPL27, MRPL33, MRPL46, MRPL47, MRPS23, MT.ND6, MTURN, MUS81, MVD, MYRF, NAPRT, NBL1, NCAN, NCKIPSD, NCL, NDFIP2, NDRG2, NDUFA5, NDUFA9, NDUFAF8, NDUFB9, NDUFS6, NECAB1, NEFH, NEFL, NENF, NFIX, NFKBIB, NGEF, NGRN, NIPSNAP1, NKX6.2, NME4, NOL3, NOMO1, NOVA2, NPTXR, NR1D1, NR2E1, NR2F1, NRIP3, NSA2, NT5C3B, NTMT1, NTNG2, NUDCD2, NUDT21, NUMBL, OCIAD1, OPRL1, OPTN, OTUB1, PAQR6, PARL, PARP2, PBDC1, PCDHB10, PCED1A, PCMT1, PCYT2, PDHA1, PDHB, PDP1, PEA15, PEF1, PEG10, PEG3, PELI3, PFKP, PGM2L1, PGRMC2, PHKG2, PHLDA1, PHLDA3, PHYHIPL, PKM, PLD3, PLEKHB1, PLEKHB2, PLP1, PLPPR3, PLRG1, PLXNA3, PLXNB1, PMP2, PMPCA, PNMA6A, PNMA8B, PODXL2, POLDIP2, POLR2M, POLRMT, POMP, PORCN, POU3F2, POU3F3, PPP1R11, PPP1R16A, PPP1R1A, PPP1R37, PRAF2, PRDX6, PRELID3B, PREPL, PRKACB, PRKCG, PRKCZ, PRR13, PRR7, PRRT3, PRSS3, PSAT1, PSMA4, PSMC3, PSMC5, PSMD10, PSME3, PTP4A1, PUF60, PURA, PVALB, R3HCC1, RAB11FIP5, RAB24, RAB3C, RABL6, RACK1, RAD21, RAPGEFL1, RASGRP1, RBX1, RCN1, RDH11, RER1, RHBDD2, RIDA, RIMS4, RNASEH2A, RND2, RNF103, RNF11, RNF187, RNH1, ROGDI, RPL22, RPS4X, RPS6KL1, RSAD1, RTL6, RTN4, RXRB, S1PR1, SAC3D1, SAMD1, SAMD14, SARAF, SATB1, SBK1, SCAF1, SCAMP5, SCCPDH, SCD, SCD5, SCG2, SCG3, SCN2B, SCNN1D, SCRIB, SDC4, SDR39U1, SEC14L2, SEMA3B, SEPHS2, SERINC1, SERINC3, SERTM1, SEZ6L2, SH2D5, SHANK3, SIGMAR1, SLC1A2, SLC22A18, SLC25A1, SLC25A18, SLC26A3, SLC27A4, SLC2A4RG, SLC35A1, SLC39A6, SLC3A1, SLC41A3, SLC4A3, SLC6A8, SLC9A6, SMIM10L1, SMIM10L2B, SNPH, SNRPG, SNTA1, SOX2, SPARCL1, SPECC1L, SPOCK2, SPRYD7, SPTBN2, SPTSSA, SRF, SRSF8, SSB, SSBP4, ST13, STEAP2, STMN4, SULT1A1, SV2A, SVIP, SYF2, SYNGR3, SYNM, SYP, SYT4, TALDO1, TBCC, TBKBP1, TBRG4, TESK1, TF, TFPT, THAP7, THRA, THY1, TIMM50, TMEM106B, TMEM107, TMEM115, TMEM130, TMEM134, TMEM147, TMEM151B, TMEM158, TMEM183A, TMEM203, TMEM25, TMEM250, TMEM35A, TMEM8B, TMUB1, TMX4, TOMM20, TPBG, TPGS1, TPPP, TPPP3, TPRG1L, TPRN, TRABD2A, TRIM28, TRIM32, TRMT6, TRNP1, TRUB1, TSPYL4, TSR2, TTC9, TTYH1, TUB, TUBA1B, TUBA4A, TUBB, TUBB2B, TUBG2, TUFM, TUNAR, UAP1L1, UBE2Q1, UBE2QL1, UBE2W, UBR7, UCKL1, UMAD1, UROD, USP11, USP2, USP5, VDAC3, VIM, VMA21, VPS4A, VSTM2A, VSTM2L, WASF1, WASF3, WDR13, WDR45, WDR6, WDR74, WIF1, WRAP73, XAB2, ZCRB1, ZDHHC16, ZDHHC22, ZDHHC23, ZFYVE21, ZMAT2, ZNF358, ZNF444, ZNF771, ZNHIT3]"
