module_id	genes
1	AAMP
1	AASDHPPT
1	ABRACL
1	ACAD8
1	ACOT7
1	ACTG1
1	ADCYAP1
1	AIP
1	AKT1
1	ALG10B
1	ALKBH7
1	ANAPC13
1	ANAPC15
1	AP1S1
1	AP2S1
1	APRT
1	ARF3
1	ARHGDIG
1	ARHGEF25
1	ARL16
1	ARL2
1	ARMCX1
1	ARPC1A
1	ARPC5L
1	ASCL1
1	ATG101
1	ATN1
1	ATP1A3
1	ATP1B1
1	ATP6V1G1
1	ATRAID
1	B4GALT7
1	BLOC1S4
1	BNIP3
1	BORCS8
1	BTBD6
1	C1QBP
1	C1orf115
1	C1orf122
1	C1orf35
1	C5orf24
1	C6orf136
1	CALB1
1	CALB2
1	CALM3
1	CAMK1
1	CAMK2N1
1	CAMK2N2
1	CCDC106
1	CCDC115
1	CCT7
1	CD200
1	CD9
1	CDC37
1	CDK5R1
1	CENPV
1	CENPX
1	CETN2
1	CFL1
1	CHGA
1	CHMP2A
1	CITED2
1	CITED4
1	CLDND1
1	CLTB
1	CLU
1	COA3
1	COMMD3
1	COPE
1	COPS8
1	CPE
1	CREB3
1	CSPG5
1	CTBP1
1	CUEDC2
1	CWC15
1	CXCL14
1	CYC1
1	DAZAP2
1	DCK
1	DCTN6
1	DCTPP1
1	DCXR
1	DDX24
1	DDX54
1	DHPS
1	DNAJC8
1	DUT
1	DYNLT3
1	EEF1A2
1	EEF1E1
1	EID1
1	EID2B
1	EIF1AX
1	EIF1B
1	EIF2S2
1	EIF4A2
1	EMC7
1	ENHO
1	ENO1
1	EXOSC4
1	F8A1
1	FAM162A
1	FAM89B
1	FBXL16
1	FEZ1
1	FKBP1A
1	FUNDC1
1	FXYD1
1	GHITM
1	GJA1
1	GLRX5
1	GLUL
1	GNAS
1	GNB2
1	GPRASP2
1	GSTM3
1	GSTO1
1	GTF2A2
1	GTF2H5
1	GUK1
1	HCFC1R1
1	HEY1
1	HIGD1A
1	HMGB1
1	HNRNPK
1	HPS6
1	HSD11B1L
1	HSPA2
1	IER3IP1
1	IFT22
1	ILF2
1	INAFM1
1	INPP5E
1	IRF2BPL
1	ISCA2
1	ISYNA1
1	ITM2C
1	JUND
1	KIF22
1	LAMTOR4
1	LAMTOR5
1	LARP6
1	LDHA
1	LDHB
1	LGALS3
1	LIN7B
1	LY6E
1	LYRM9
1	MAFG
1	MAGED2
1	MAGEH1
1	MAL2
1	MAP1LC3B
1	MAT2B
1	MDH2
1	MEA1
1	MEAF6
1	MED19
1	MED31
1	MLF2
1	MLLT11
1	MOAP1
1	MOB4
1	MOCS2
1	MORF4L2
1	MPG
1	MPND
1	MRPL10
1	MRPL2
1	MRPL20
1	MRPL24
1	MRPL40
1	MRPL41
1	MRPL44
1	MRPL51
1	MRPS12
1	MRPS15
1	MRPS18C
1	MRPS21
1	MRPS26
1	MRPS34
1	MT1F
1	MT1H
1	MT2A
1	MTA1
1	MYL6B
1	MZT2B
1	NAP1L2
1	NAP1L3
1	NAP1L5
1	NDN
1	NDUFA6
1	NDUFB5
1	NECAP1
1	NEU1
1	NEUROD6
1	NIT1
1	NKAPL
1	NPRL2
1	NPTN
1	NPTX2
1	NRN1
1	NTHL1
1	NUCKS1
1	NUDC
1	NUDT11
1	NUDT16L1
1	OAT
1	OLIG1
1	OMG
1	PACSIN1
1	PAFAH1B3
1	PCBP2
1	PCDH8
1	PEBP1
1	PEX19
1	PFDN6
1	PFN2
1	PGAM1
1	PGRMC1
1	PHB2
1	PHF1
1	PHGDH
1	PIN1
1	PNKD
1	PNMA1
1	PNMA2
1	POLE3
1	POLR2H
1	POP7
1	PPP1CB
1	PPP1R14A
1	PPP1R1B
1	PPP2CA
1	PPP2CB
1	PRADC1
1	PRKAR1A
1	PRMT1
1	PRNP
1	PSIP1
1	PSMB4
1	PSMB5
1	PSMD8
1	PTMS
1	PYCR2
1	RAB3A
1	RBM8A
1	RCN2
1	RFK
1	RFXANK
1	RGL2
1	RGS4
1	RNASEH2C
1	RND1
1	RNF44
1	RNF7
1	RPL21
1	RPL26L1
1	RPL35A
1	RPL4
1	RRAGA
1	RTF1
1	RTN1
1	RTN3
1	RWDD1
1	S100B
1	SAP18
1	SBDS
1	SCOC
1	SDHAF2
1	SEC11C
1	SEC62
1	SELENOW
1	SERP2
1	SERPINE2
1	SERPINF1
1	SERPINI1
1	SF3B4
1	SF3B5
1	SLC12A5
1	SLC25A22
1	SLC25A3
1	SLC25A4
1	SLC39A13
1	SLITRK2
1	SMIM29
1	SNAP25
1	SNAPC5
1	SNN
1	SNRNP25
1	SNRNP27
1	SNRPB
1	SNRPE
1	SNRPF
1	SNU13
1	SOWAHA
1	SPINT2
1	SPR
1	SRI
1	SRP9
1	SRSF2
1	SSNA1
1	STK11
1	STMN2
1	STRAP
1	SUB1
1	SUMO1
1	SUMO3
1	TAF10
1	TCEA2
1	TCEAL1
1	TCEAL8
1	TCEAL9
1	TERF2IP
1	TGFBR3L
1	THOC7
1	TIMM13
1	TIMM8B
1	TKFC
1	TM2D3
1	TMED2
1	TMED7
1	TMEM126A
1	TMEM126B
1	TMEM141
1	TMEM14B
1	TMEM14C
1	TMEM160
1	TMEM18
1	TMEM205
1	TMEM47
1	TMEM59
1	TMEM59L
1	TMEM60
1	TOB1
1	TOLLIP
1	TOMM22
1	TRAPPC4
1	TSPAN13
1	TSPAN7
1	TSPYL1
1	TTC9B
1	TUBA1A
1	TUBB4B
1	TWF2
1	U2AF1L4
1	UBE2M
1	UBE2T
1	UBL7
1	UBXN1
1	UFC1
1	UQCC2
1	UQCRB
1	USE1
1	VKORC1
1	VPS25
1	VSNL1
1	VSTM2B
1	WBP2
1	WDR54
1	YIF1A
1	YJEFN3
1	YWHAZ
1	ZDHHC8
1	ZFAND5
1	ZMYM3
1	ZNF32
1	ZNHIT1
2	AACS
2	ABCA10
2	ABCA3
2	ABCA5
2	ABCA6
2	ABCA9
2	ABCB9
2	ABCC9
2	ABCD2
2	ABI2
2	ABI3BP
2	ABLIM1
2	ABLIM2
2	ABLIM3
2	ACOT11
2	ACSBG1
2	ACSS3
2	ACTN1
2	ACTN2
2	ACVR1C
2	ACVR2A
2	ADAM22
2	ADAM23
2	ADAMTS16
2	ADAMTS19
2	ADAMTS3
2	ADAMTS6
2	ADAMTSL1
2	ADARB1
2	ADARB2
2	ADCY1
2	ADCY2
2	ADCY5
2	ADCY8
2	ADCY9
2	ADCYAP1R1
2	ADD2
2	ADD3
2	ADGRB3
2	ADGRL1
2	ADGRL2
2	ADGRL3
2	ADORA1
2	AEBP2
2	AFF2
2	AFF3
2	AFG1L
2	AGAP1
2	AGBL1
2	AGBL4
2	AGPAT4
2	AHCYL1
2	AHI1
2	AIFM2
2	AJAP1
2	AK5
2	AKAP12
2	AKAP5
2	AKAP6
2	AKAP8L
2	ALDH1L1
2	ALDH5A1
2	ALG14
2	ALK
2	ALS2
2	AMD1
2	AMER2
2	AMMECR1
2	AMPH
2	ANGPT1
2	ANK2
2	ANK3
2	ANKFN1
2	ANKRD12
2	ANKRD16
2	ANKRD28
2	ANKRD29
2	ANKRD30B
2	ANKRD30BL
2	ANKRD33B
2	ANKRD36B
2	ANKRD36C
2	ANKRD54
2	ANKRD7
2	ANKS1B
2	ANKS6
2	ANO3
2	ANO4
2	ANO5
2	ANTXR2
2	ANXA11
2	AP3B2
2	AP3S2
2	AP5M1
2	APBA2
2	APBB2
2	APC
2	API5
2	APOL1
2	AQP4
2	AQP9
2	ARFGEF3
2	ARHGAP10
2	ARHGAP28
2	ARHGAP32
2	ARHGAP33
2	ARHGAP39
2	ARHGAP44
2	ARHGAP5
2	ARHGEF26
2	ARHGEF28
2	ARHGEF3
2	ARHGEF4
2	ARHGEF9
2	ARL6
2	ARMC9
2	ARNT2
2	ARPP21
2	ARRDC4
2	ART3
2	ASAP2
2	ASB8
2	ASIC2
2	ASTN1
2	ASTN2
2	ASXL3
2	ATCAY
2	ATL1
2	ATMIN
2	ATP1A2
2	ATP2B1
2	ATP2B2
2	ATP2B3
2	ATP6V1H
2	ATP8A1
2	ATP8A2
2	ATP8B2
2	ATP9A
2	ATRNL1
2	ATRX
2	B3GALNT1
2	B3GALT2
2	B3GLCT
2	B4GALNT3
2	B4GALT2
2	BAALC
2	BACH2
2	BAIAP2
2	BBOF1
2	BBS2
2	BCAP29
2	BCAS1
2	BCL11A
2	BCL9
2	BDNF
2	BEND6
2	BICC1
2	BICDL1
2	BMP1
2	BMPER
2	BRINP1
2	BRINP2
2	BRINP3
2	BSN
2	BTBD3
2	BTBD9
2	C11orf87
2	C16orf95
2	C1QL3
2	C1orf198
2	C1orf21
2	C2orf72
2	C4orf50
2	C8orf34
2	CA10
2	CA3
2	CA4
2	CABP1
2	CACHD1
2	CACNA1A
2	CACNA1B
2	CACNA1C
2	CACNA1E
2	CACNA1I
2	CACNA2D1
2	CACNA2D3
2	CACNB1
2	CACNB2
2	CACNG2
2	CACNG3
2	CACNG7
2	CACNG8
2	CADM1
2	CADM2
2	CADPS
2	CADPS2
2	CALCRL
2	CALN1
2	CAMK2G
2	CAMK4
2	CAMKK1
2	CAMKK2
2	CAMSAP2
2	CAMSAP3
2	CAMTA1
2	CAND1
2	CAP2
2	CAPS
2	CASD1
2	CAV3
2	CBLN2
2	CBX5
2	CC2D1A
2	CCBE1
2	CCDC148
2	CCDC168
2	CCDC24
2	CCDC3
2	CCDC6
2	CCDC68
2	CCDC82
2	CCDC88C
2	CCND2
2	CCNI
2	CCSER1
2	CDC25B
2	CDC42BPA
2	CDC7
2	CDH10
2	CDH11
2	CDH12
2	CDH13
2	CDH18
2	CDH2
2	CDH20
2	CDH22
2	CDH4
2	CDH6
2	CDH7
2	CDH8
2	CDH9
2	CDHR3
2	CDK14
2	CDKL1
2	CDKL2
2	CDKL5
2	CDON
2	CDS2
2	CDYL2
2	CELF4
2	CELF5
2	CEP112
2	CEP126
2	CEP170B
2	CEP290
2	CEP70
2	CEP97
2	CERS6
2	CES4A
2	CFAP221
2	CFAP44
2	CFAP46
2	CFAP52
2	CFAP54
2	CFAP69
2	CFAP70
2	CHIC1
2	CHL1
2	CHML
2	CHODL
2	CHPT1
2	CHRM2
2	CHRM3
2	CHRNA5
2	CHST10
2	CHST9
2	CHSY3
2	CIT
2	CLASP2
2	CLCN4
2	CLDN11
2	CLEC2L
2	CLIP4
2	CLSTN2
2	CLSTN3
2	CLVS1
2	CLVS2
2	CMTM4
2	CMTR1
2	CMYA5
2	CNKSR2
2	CNNM1
2	CNTN1
2	CNTN2
2	CNTN3
2	CNTN4
2	CNTN5
2	CNTN6
2	CNTNAP2
2	CNTNAP3
2	CNTNAP3B
2	CNTNAP4
2	CNTNAP5
2	COASY
2	COBL
2	COBLL1
2	COG6
2	COL10A1
2	COL11A1
2	COL12A1
2	COL19A1
2	COL21A1
2	COL26A1
2	COL28A1
2	COL4A5
2	COL5A2
2	COL6A1
2	COLGALT2
2	CORO2B
2	CPD
2	CPEB1
2	CPNE3
2	CPNE4
2	CPNE8
2	CPOX
2	CPT1C
2	CRB1
2	CRBN
2	CREG2
2	CRIM1
2	CRTAC1
2	CRTC3
2	CSDE1
2	CSMD1
2	CSMD2
2	CSMD3
2	CSRNP3
2	CTDSPL
2	CTIF
2	CTNNA2
2	CTNNA3
2	CTNNAL1
2	CTNND2
2	CTTN
2	CUBN
2	CUX2
2	CWC22
2	CYB561
2	CYP2U1
2	CYP7B1
2	CYYR1
2	DAAM2
2	DAB1
2	DACH1
2	DAPK1
2	DCAF4L1
2	DCC
2	DCDC1
2	DCHS2
2	DCLK1
2	DCLK2
2	DCUN1D2
2	DCUN1D4
2	DCX
2	DDHD2
2	DDR1
2	DDX23
2	DDX25
2	DENND5B
2	DGKB
2	DGKE
2	DGKG
2	DGKH
2	DGKI
2	DGKZ
2	DIP2C
2	DISP2
2	DISP3
2	DIXDC1
2	DLC1
2	DLD
2	DLG2
2	DLG3
2	DLGAP1
2	DLGAP2
2	DLGAP3
2	DMD
2	DMGDH
2	DNAAF5
2	DNAH14
2	DNAH6
2	DNAH7
2	DNAH9
2	DNAJC25
2	DNAJC6
2	DNAL1
2	DNM1L
2	DNM3
2	DOCK3
2	DOCK9
2	DOK5
2	DOK6
2	DPF1
2	DPM1
2	DPP10
2	DPP6
2	DPY19L2
2	DPYSL2
2	DPYSL3
2	DPYSL5
2	DRP2
2	DSCAM
2	DSCAML1
2	DSEL
2	DSG2
2	DST
2	DTNA
2	DTWD1
2	DTX1
2	DTX4
2	DUSP19
2	DYNC1H1
2	DYNC1I1
2	DYNC1I2
2	DYNC1LI2
2	DYNC2H1
2	DYNC2LI1
2	DZIP1
2	DZIP3
2	EBAG9
2	ECE1
2	ECE2
2	EDIL3
2	EFCAB5
2	EFCAB6
2	EFNA5
2	EFNB2
2	EFR3B
2	EGFR
2	EHBP1
2	EIF2AK1
2	EIF4E3
2	EIF4G2
2	EIF5A2
2	ELAVL2
2	ELAVL3
2	ELAVL4
2	ELMOD1
2	ELOVL1
2	ELOVL4
2	ELOVL6
2	ELOVL7
2	ELP5
2	ELP6
2	EML6
2	EMP1
2	ENAH
2	ENOX1
2	ENSA
2	ENTPD3
2	EPB41L1
2	EPB41L4B
2	EPB41L5
2	EPHA3
2	EPHA4
2	EPHA5
2	EPHA6
2	EPHA7
2	EPHB1
2	EPHB6
2	EPHX1
2	EPHX4
2	EPM2AIP1
2	ERBB4
2	ERCC2
2	ERGIC2
2	ERICH3
2	EXD2
2	EXTL3
2	EYA1
2	FAAH2
2	FAM135B
2	FAM13C
2	FAM153A
2	FAM169A
2	FAM171A1
2	FAM171B
2	FAM184A
2	FAM210B
2	FAM217B
2	FAM234B
2	FAM32A
2	FAM78B
2	FAM81A
2	FANCL
2	FASTKD2
2	FAT3
2	FAT4
2	FAXC
2	FBN1
2	FBXL13
2	FBXL2
2	FBXO16
2	FBXO21
2	FBXO22
2	FBXO27
2	FBXO32
2	FGF12
2	FGF14
2	FGF9
2	FGFR2
2	FHL2
2	FHOD3
2	FIGN
2	FLII
2	FLNB
2	FLRT2
2	FMN2
2	FMR1
2	FOCAD
2	FOXRED1
2	FRAS1
2	FRMD5
2	FRMD6
2	FRMPD4
2	FRRS1L
2	FRY
2	FSD1L
2	FSIP1
2	FSTL4
2	FSTL5
2	FUT9
2	FXR2
2	FZD3
2	GABBR1
2	GABBR2
2	GABRA2
2	GABRA3
2	GABRA4
2	GABRA6
2	GABRB1
2	GABRB2
2	GABRB3
2	GABRG2
2	GABRG3
2	GAD2
2	GALNT11
2	GALNT13
2	GALNT14
2	GALNT16
2	GALNT18
2	GALNT9
2	GALNTL6
2	GARNL3
2	GAS2
2	GCDH
2	GDA
2	GDAP1
2	GDE1
2	GFAP
2	GFOD1
2	GFRA2
2	GHR
2	GIT1
2	GLB1L3
2	GLDC
2	GLIS1
2	GLMN
2	GLRA2
2	GLRA3
2	GLRB
2	GLS2
2	GMCL1
2	GMPPA
2	GNAL
2	GNAO1
2	GNB5
2	GNRHR
2	GOLGA8B
2	GOLM1
2	GPALPP1
2	GPC5
2	GPC6
2	GPHN
2	GPI
2	GPLD1
2	GPR149
2	GPR158
2	GPR162
2	GPR173
2	GPR176
2	GPR35
2	GPR37
2	GPR63
2	GRAMD1C
2	GRB10
2	GRB14
2	GREB1
2	GREB1L
2	GRIA1
2	GRIA2
2	GRIA3
2	GRIA4
2	GRID1
2	GRIK2
2	GRIK4
2	GRIN2A
2	GRIN2B
2	GRIP1
2	GRK4
2	GRM1
2	GRM3
2	GRM5
2	GRM7
2	GRM8
2	GSG1L
2	GSTM5
2	GSTO2
2	GTF2A1
2	GUCY1A2
2	GULP1
2	HABP4
2	HACL1
2	HCFC2
2	HCN1
2	HCN2
2	HECW1
2	HECW2
2	HES1
2	HGFAC
2	HHIP
2	HID1
2	HIF3A
2	HIP1R
2	HLF
2	HMGCLL1
2	HOOK1
2	HS3ST2
2	HS3ST5
2	HS6ST2
2	HS6ST3
2	HSPA12A
2	HSPA4L
2	HTR1E
2	HTR2A
2	HTR4
2	HUNK
2	HYDIN
2	ICA1L
2	ICMT
2	IFT172
2	IFT57
2	IFT80
2	IGF1R
2	IGFBP5
2	IGFL4
2	IGSF11
2	IGSF3
2	IGSF9B
2	IL1RAPL1
2	IL1RAPL2
2	IL34
2	ILDR2
2	ILVBL
2	INPP4B
2	INTS7
2	INTU
2	IPO5
2	IQCA1
2	IQCJ.SCHIP1
2	IQSEC2
2	IQSEC3
2	IRAK1BP1
2	IRS1
2	ITGA8
2	IZUMO4
2	JAKMIP1
2	JAKMIP2
2	JAKMIP3
2	JAM3
2	JMY
2	JPH1
2	JPH3
2	JPH4
2	KALRN
2	KANK1
2	KAT8
2	KATNAL1
2	KAZN
2	KBTBD11
2	KBTBD7
2	KCNA1
2	KCNA2
2	KCNAB1
2	KCNB1
2	KCNB2
2	KCNC1
2	KCNC2
2	KCND2
2	KCND3
2	KCNH1
2	KCNH5
2	KCNH7
2	KCNIP4
2	KCNJ3
2	KCNJ6
2	KCNK1
2	KCNK10
2	KCNN1
2	KCNN2
2	KCNN3
2	KCNQ5
2	KCNT2
2	KCTD1
2	KCTD16
2	KCTD3
2	KCTD8
2	KHDRBS2
2	KIAA0319
2	KIAA0930
2	KIAA1217
2	KIAA1549
2	KIAA1549L
2	KIAA1671
2	KIAA1958
2	KIF1B
2	KIF21A
2	KIF3A
2	KIF3B
2	KIF3C
2	KIF5C
2	KIFAP3
2	KIRREL3
2	KITLG
2	KLF12
2	KLHL23
2	KLHL29
2	KLHL32
2	KLHL4
2	KLHL42
2	KSR2
2	L2HGDH
2	LAMA2
2	LAMA3
2	LAMA4
2	LAMB1
2	LAMC1
2	LANCL2
2	LARP1B
2	LCA5
2	LCLAT1
2	LDB1
2	LDB2
2	LDB3
2	LGI1
2	LGI3
2	LHFPL4
2	LHX2
2	LIFR
2	LIMCH1
2	LIN28B
2	LIN7A
2	LINC02210.CRHR1
2	LINGO2
2	LMBRD1
2	LMNA
2	LMO3
2	LMO7
2	LMTK2
2	LNPK
2	LNX1
2	LONRF2
2	LPIN1
2	LRCH2
2	LRFN2
2	LRFN5
2	LRP11
2	LRP1B
2	LRP4
2	LRP6
2	LRPPRC
2	LRRC17
2	LRRC39
2	LRRC49
2	LRRC4B
2	LRRC4C
2	LRRC7
2	LRRC8B
2	LRRIQ1
2	LRRN1
2	LRRN2
2	LRRN3
2	LRRTM3
2	LRRTM4
2	LRTM1
2	LSAMP
2	LSM2
2	LTBP1
2	LUZP2
2	LYG1
2	LYPD6
2	LYRM7
2	LZTS1
2	LZTS3
2	MADD
2	MAGED1
2	MAGI1
2	MAGI2
2	MAGI3
2	MAMLD1
2	MAN1A2
2	MAP2
2	MAP2K4
2	MAP3K13
2	MAP6
2	MAP7
2	MAPK1
2	MAPK10
2	MAPK4
2	MAPK8
2	MAPK8IP3
2	MAPRE2
2	MAPT
2	MARK1
2	MARK4
2	MAST1
2	MAST4
2	MATR3
2	MBOAT2
2	MCHR2
2	MCM4
2	MCTP1
2	MDGA2
2	ME1
2	ME3
2	MED16
2	MED24
2	MEIS2
2	METTL14
2	MFAP3
2	MFGE8
2	MFSD6
2	MGAT3
2	MGAT4C
2	MGAT5B
2	MICAL2
2	MICAL3
2	MIGA1
2	MIPOL1
2	MLH1
2	MLIP
2	MLLT3
2	MMD2
2	MMP16
2	MNAT1
2	MOBP
2	MOK
2	MORN4
2	MPDZ
2	MPP7
2	MPPED1
2	MPPED2
2	MSH2
2	MSH4
2	MSRA
2	MSRB3
2	MT.ATP6
2	MT.ATP8
2	MT.CO1
2	MT.CO2
2	MT.CO3
2	MT.CYB
2	MT.ND1
2	MT.ND2
2	MT.ND4
2	MT.ND4L
2	MT.ND5
2	MTCL1
2	MTCP1
2	MTHFD2L
2	MTMR7
2	MTUS2
2	MTX2
2	MXI1
2	MYBPC1
2	MYBPHL
2	MYEF2
2	MYH10
2	MYH14
2	MYO16
2	MYO1B
2	MYO1D
2	MYO5C
2	MYO6
2	MYO9A
2	MYRIP
2	MYSM1
2	MYT1L
2	NAALAD2
2	NAGPA
2	NALCN
2	NBEA
2	NBPF3
2	NCALD
2	NCAM1
2	NCAM2
2	NCBP1
2	NCEH1
2	NCKAP1
2	NCOA7
2	NDRG1
2	NDRG3
2	NDST3
2	NDUFA10
2	NDUFS1
2	NDUFS2
2	NDUFS4
2	NEBL
2	NECTIN1
2	NECTIN3
2	NEFM
2	NEGR1
2	NELFA
2	NELL1
2	NELL2
2	NEO1
2	NEPRO
2	NETO1
2	NEURL1
2	NEUROD2
2	NFASC
2	NFIB
2	NFXL1
2	NHS
2	NHSL2
2	NIM1K
2	NIN
2	NISCH
2	NKAIN2
2	NLGN1
2	NLGN4X
2	NME5
2	NME7
2	NMNAT2
2	NMRAL1
2	NOL4
2	NOS1AP
2	NOVA1
2	NPAS2
2	NPAS3
2	NPFFR2
2	NPHP1
2	NPHP4
2	NPM2
2	NRCAM
2	NRG1
2	NRG2
2	NRG3
2	NRG4
2	NRSN1
2	NRXN1
2	NRXN2
2	NRXN3
2	NSD3
2	NSF
2	NT5DC3
2	NTM
2	NTN4
2	NTNG1
2	NTRK2
2	NTRK3
2	NUCB2
2	NUP133
2	NWD2
2	NXPE3
2	NYAP2
2	OCA2
2	OCRL
2	ODF2L
2	OGDHL
2	OLFM2
2	OLFM3
2	OPCML
2	OPHN1
2	ORMDL3
2	OSBP2
2	OSBPL10
2	OSBPL5
2	OSBPL7
2	OSBPL8
2	OTOGL
2	OTUD7A
2	OTUD7B
2	OXCT1
2	P4HA2
2	PACRG
2	PAK3
2	PAK5
2	PALM
2	PAM
2	PAMR1
2	PANK3
2	PARD3
2	PARM1
2	PARVA
2	PATJ
2	PAX5
2	PBX1
2	PCDH10
2	PCDH11X
2	PCDH11Y
2	PCDH17
2	PCDH19
2	PCDH7
2	PCDH9
2	PCLO
2	PCNT
2	PCSK1
2	PCSK2
2	PCSK6
2	PCYOX1
2	PCYT1B
2	PDE10A
2	PDE1A
2	PDE1C
2	PDE4D
2	PDE5A
2	PDE7B
2	PDE8B
2	PDHX
2	PDIA2
2	PDZD2
2	PDZRN3
2	PDZRN4
2	PER2
2	PEX5L
2	PGBD5
2	PGM3
2	PHACTR1
2	PHACTR3
2	PHF21B
2	PHLPP2
2	PIAS3
2	PIGQ
2	PIGU
2	PITPNC1
2	PITPNM2
2	PITPNM3
2	PJA2
2	PKIG
2	PKNOX2
2	PKP2
2	PKP4
2	PLCB1
2	PLCB4
2	PLCG1
2	PLCH1
2	PLD5
2	PLEKHA1
2	PLEKHA5
2	PLEKHA6
2	PLEKHG1
2	PLEKHJ1
2	PLPP3
2	PLPPR1
2	PLPPR4
2	PLPPR5
2	PLS3
2	PLSCR4
2	PLXNA4
2	PMS2
2	PNPLA7
2	POLR3F
2	POMGNT1
2	POU6F2
2	PPARGC1A
2	PPFIA2
2	PPFIA3
2	PPFIA4
2	PPFIBP1
2	PPL
2	PPM1A
2	PPM1E
2	PPM1H
2	PPM1L
2	PPME1
2	PPP1R12B
2	PPP1R13B
2	PPP1R14C
2	PPP1R16B
2	PPP1R9A
2	PPP2R2B
2	PPP2R2C
2	PPP2R5B
2	PPP2R5E
2	PPP3CA
2	PPP4R4
2	PPP5C
2	PRB2
2	PRDM5
2	PREX2
2	PRICKLE1
2	PRICKLE2
2	PRKAA2
2	PRKAR2B
2	PRKCE
2	PRKCI
2	PRKD1
2	PRKG1
2	PRKG2
2	PRMT8
2	PRPF18
2	PRRX1
2	PRSS23
2	PRUNE2
2	PSD3
2	PSRC1
2	PTCH2
2	PTCHD1
2	PTK2
2	PTK2B
2	PTPA
2	PTPN13
2	PTPN5
2	PTPRD
2	PTPRF
2	PTPRG
2	PTPRK
2	PTPRN2
2	PTPRO
2	PTPRR
2	PTPRS
2	PTPRT
2	PTPRZ1
2	PTRH1
2	PURG
2	PWP1
2	PWWP2B
2	PXYLP1
2	PYCR3
2	R3HDM1
2	RAB11FIP3
2	RAB11FIP4
2	RAB15
2	RAB27B
2	RAB30
2	RAB3IP
2	RAB40B
2	RAD18
2	RAD9A
2	RAI2
2	RALGPS1
2	RALYL
2	RANBP17
2	RANBP3L
2	RANGAP1
2	RAPGEF4
2	RAPGEF5
2	RARB
2	RASAL1
2	RASD2
2	RASGEF1A
2	RASGRF1
2	RASGRF2
2	RAVER2
2	RBFOX1
2	RBFOX2
2	RBFOX3
2	RCAN2
2	REEP1
2	RERG
2	RETREG1
2	RFLNA
2	RGS17
2	RGS20
2	RGS6
2	RGS7
2	RGS7BP
2	RHBDL3
2	RHOBTB3
2	RHOJ
2	RIC3
2	RIMBP2
2	RIMKLA
2	RIMS1
2	RIMS2
2	RIT2
2	RNF103.CHMP3
2	RNF139
2	RNF144A
2	RNF157
2	RNF180
2	RNF220
2	RNF24
2	RNF8
2	RNFT2
2	ROBO1
2	ROBO2
2	ROCK2
2	RORA
2	RORB
2	RPGRIP1L
2	RPRD1A
2	RPS6KA6
2	RRAS2
2	RSPH1
2	RSPO2
2	RTKN2
2	RTL5
2	RTN2
2	RUNDC3B
2	RUNX1T1
2	RUSC2
2	RWDD2B
2	RXFP1
2	RYR2
2	SACS
2	SAMM50
2	SASH1
2	SATB2
2	SCN1A
2	SCN2A
2	SCN3A
2	SCN8A
2	SEC14L5
2	SECISBP2L
2	SEMA3A
2	SEMA3C
2	SEMA6C
2	SEMA6D
2	SEMA7A
2	SESTD1
2	SEZ6L
2	SFXN5
2	SGCD
2	SGCE
2	SGCZ
2	SGIP1
2	SGPP2
2	SGSM1
2	SGTA
2	SGTB
2	SH3BGRL2
2	SH3D19
2	SH3GL2
2	SH3GL3
2	SH3PXD2A
2	SHANK1
2	SHANK2
2	SHC3
2	SHISA6
2	SHISA7
2	SHISA9
2	SHROOM3
2	SIDT1
2	SIN3B
2	SIRT5
2	SLAIN1
2	SLC12A2
2	SLC13A3
2	SLC14A1
2	SLC16A2
2	SLC16A7
2	SLC17A6
2	SLC1A1
2	SLC22A10
2	SLC22A15
2	SLC24A2
2	SLC24A3
2	SLC24A4
2	SLC25A12
2	SLC25A14
2	SLC25A23
2	SLC25A27
2	SLC25A36
2	SLC26A4
2	SLC2A11
2	SLC30A9
2	SLC35B4
2	SLC35F1
2	SLC35F3
2	SLC35F4
2	SLC38A1
2	SLC38A6
2	SLC39A10
2	SLC39A9
2	SLC44A1
2	SLC44A5
2	SLC4A10
2	SLC4A4
2	SLC6A1
2	SLC6A11
2	SLC6A15
2	SLC6A17
2	SLC7A11
2	SLC7A14
2	SLC7A2
2	SLC8A3
2	SLC9A1
2	SLCO1A2
2	SLCO3A1
2	SLF1
2	SLIT1
2	SLIT2
2	SLIT3
2	SLITRK4
2	SLITRK5
2	SLU7
2	SMAD1
2	SMAD9
2	SMC6
2	SMOC1
2	SMPD3
2	SMYD2
2	SNAP91
2	SNCAIP
2	SNED1
2	SNRPN
2	SNTB2
2	SNTG1
2	SNX32
2	SOBP
2	SORBS1
2	SORBS2
2	SORCS1
2	SORCS2
2	SORCS3
2	SOX5
2	SPAG16
2	SPATA6L
2	SPATA7
2	SPHKAP
2	SPICE1
2	SPIN3
2	SPOCK1
2	SPOCK3
2	SPRN
2	SPTAN1
2	SPTBN1
2	SPTBN4
2	SRCIN1
2	SREK1
2	SRPK2
2	SRRM3
2	SRRM4
2	SRSF11
2	SSBP3
2	SSRP1
2	SSTR2
2	SSX2IP
2	ST3GAL4
2	ST6GAL2
2	ST6GALNAC5
2	ST7
2	ST8SIA1
2	ST8SIA3
2	ST8SIA5
2	STARD7
2	STK33
2	STK39
2	STOML1
2	STOX2
2	STRIP2
2	STUM
2	STXBP5
2	STXBP5L
2	STXBP6
2	STYK1
2	SUGT1
2	SUN1
2	SUSD4
2	SV2B
2	SVEP1
2	SVOP
2	SYBU
2	SYCE1
2	SYN2
2	SYN3
2	SYNE1
2	SYNGAP1
2	SYNJ1
2	SYNJ2
2	SYNJ2BP
2	SYNPO2
2	SYNPR
2	SYT1
2	SYT11
2	SYT12
2	SYT13
2	SYT14
2	SYT16
2	SYT7
2	SYT9
2	SYTL2
2	TACC2
2	TAF4B
2	TARBP1
2	TBC1D19
2	TBC1D24
2	TBC1D32
2	TBX18
2	TCAF1
2	TCERG1L
2	TCFL5
2	TDRP
2	TEAD1
2	TENM1
2	TENM2
2	TENM3
2	TESPA1
2	TEX29
2	TEX9
2	TGFB2
2	THAP2
2	THRB
2	THSD4
2	THSD7A
2	THSD7B
2	TIMP3
2	TJP1
2	TMCO3
2	TMEFF2
2	TMEM108
2	TMEM132B
2	TMEM132C
2	TMEM132D
2	TMEM135
2	TMEM150C
2	TMEM167B
2	TMEM178A
2	TMEM178B
2	TMEM179
2	TMEM232
2	TMEM242
2	TMEM44
2	TMEM53
2	TMEM63C
2	TMEM64
2	TMEM67
2	TMOD2
2	TMTC1
2	TMTC2
2	TMTC3
2	TNFRSF25
2	TNIK
2	TNR
2	TNRC6A
2	TNRC6C
2	TOM1L2
2	TOX
2	TP53TG5
2	TPD52L1
2	TPRA1
2	TPST1
2	TRAK2
2	TRHDE
2	TRIM2
2	TRIM23
2	TRIM37
2	TRIM54
2	TRIM9
2	TRIQK
2	TRO
2	TRPC1
2	TRPC4
2	TRPC5
2	TRPM3
2	TSC1
2	TSC22D1
2	TSGA10
2	TSHZ2
2	TSHZ3
2	TSPAN3
2	TSPAN5
2	TTBK1
2	TTC23L
2	TTC3
2	TTC39B
2	TTC5
2	TTC6
2	TTC8
2	TTLL11
2	TTLL7
2	TTN
2	TUBE1
2	TUBGCP6
2	TUSC3
2	TXNL1
2	TYRO3
2	UBA5
2	UBAP1L
2	UBE2B
2	UBE2D4
2	UBE2E3
2	UBE2O
2	UBE2V2
2	UMODL1
2	UNC13A
2	UNC13C
2	UNC5C
2	UNC5D
2	UNC79
2	UNC80
2	UPP1
2	UPP2
2	USH2A
2	USP30
2	USP38
2	USP43
2	USP49
2	USP50
2	USP51
2	USP54
2	VARS2
2	VEGFB
2	VPS13A
2	VPS37C
2	VWA3A
2	VWA5A
2	VWA5B2
2	VWC2
2	VWC2L
2	WDR17
2	WDR19
2	WDR47
2	WDR82
2	WHRN
2	WNK2
2	WSCD2
2	WWC1
2	XKR4
2	ZBBX
2	ZBTB7C
2	ZC2HC1A
2	ZC3H12B
2	ZC3H13
2	ZDHHC11B
2	ZDHHC13
2	ZDHHC17
2	ZEB1
2	ZER1
2	ZFHX2
2	ZFP2
2	ZFP90
2	ZFPM2
2	ZFR2
2	ZFYVE28
2	ZHX3
2	ZKSCAN8
2	ZMAT4
2	ZNF135
2	ZNF213
2	ZNF248
2	ZNF273
2	ZNF280B
2	ZNF365
2	ZNF37A
2	ZNF382
2	ZNF385B
2	ZNF385D
2	ZNF420
2	ZNF441
2	ZNF462
2	ZNF471
2	ZNF483
2	ZNF487
2	ZNF493
2	ZNF519
2	ZNF521
2	ZNF536
2	ZNF540
2	ZNF544
2	ZNF583
2	ZNF585A
2	ZNF605
2	ZNF664
2	ZNF667
2	ZNF697
2	ZNF704
2	ZNF804B
2	ZNF827
2	ZNF831
2	ZNHIT6
2	ZNRF3
2	ZSCAN31
2	ZSWIM5
3	AAMDC
3	AASS
3	ABAT
3	ABCC4
3	ABCC5
3	ABCD3
3	ACACB
3	ACAD10
3	ACAP2
3	ACBD4
3	ACBD6
3	ACCS
3	ACO1
3	ACP6
3	ACSS1
3	ACTA2
3	ACVR2B
3	ACYP2
3	ADAM10
3	ADAM12
3	ADAM28
3	ADAMTS10
3	ADCK1
3	ADCY7
3	ADGRA3
3	ADGRD1
3	ADHFE1
3	ADI1
3	ADK
3	ADORA3
3	ADRB1
3	AGA
3	AGER
3	AGL
3	AGPAT5
3	AHCYL2
3	AHDC1
3	AIG1
3	AK9
3	AKAP11
3	AKAP9
3	ALDH2
3	ALDH7A1
3	ALG1
3	ALG13
3	ALG6
3	AMDHD2
3	AMPD3
3	AMY2B
3	ANGEL1
3	ANGEL2
3	ANKAR
3	ANKH
3	ANKRD23
3	ANKRD55
3	ANKZF1
3	ANO6
3	AP1B1
3	AP4M1
3	APCDD1
3	APH1B
3	APIP
3	APOBEC3G
3	APOLD1
3	ARFIP1
3	ARHGAP15
3	ARHGAP19.SLIT1
3	ARHGAP21
3	ARHGAP24
3	ARHGAP27
3	ARHGAP35
3	ARHGDIB
3	ARHGEF37
3	ARID1B
3	ARID4A
3	ARL11
3	ARL5A
3	ARL6IP6
3	ARMCX4
3	ARNT
3	ARSD
3	ASAH1
3	ASCL2
3	ATE1
3	ATF7IP
3	ATG10
3	ATG13
3	ATG14
3	ATG16L2
3	ATG4C
3	ATP10D
3	ATP8B4
3	ATRN
3	ATXN3
3	ATXN7
3	AUH
3	AUTS2
3	AXL
3	BARD1
3	BAZ2B
3	BBS4
3	BBS9
3	BBX
3	BCKDHB
3	BET1
3	BLOC1S5
3	BLOC1S5.TXNDC5
3	BMP2K
3	BNIP3L
3	BOD1L1
3	BPTF
3	BRCA1
3	BRD3
3	BRWD1
3	BTBD8
3	BTN3A1
3	BTN3A2
3	BTN3A3
3	BVES
3	C11orf54
3	C12orf76
3	C15orf40
3	C1QTNF3.AMACR
3	C21orf91
3	C2CD2
3	C2CD5
3	C2orf68
3	C2orf76
3	C4orf33
3	C4orf36
3	C5
3	C5orf34
3	C5orf63
3	C6orf62
3	C8orf44.SGK3
3	CABLES1
3	CACNA1D
3	CACUL1
3	CALCB
3	CAPS2
3	CAPZB
3	CARD8
3	CARF
3	CASP6
3	CASP8AP2
3	CASS4
3	CAT
3	CATSPERE
3	CBFA2T2
3	CBL
3	CBX7
3	CC2D2B
3	CCDC112
3	CCDC117
3	CCDC122
3	CCDC125
3	CCDC136
3	CCDC146
3	CCDC15
3	CCDC170
3	CCDC171
3	CCDC18
3	CCDC191
3	CCDC28A
3	CCDC30
3	CCDC50
3	CCDC7
3	CCDC73
3	CCDC77
3	CCDC88A
3	CCDC90B
3	CCDC91
3	CCHCR1
3	CCNG2
3	CD200R1
3	CD300LF
3	CD302
3	CD33
3	CD37
3	CD4
3	CDC14A
3	CDK18
3	CDK5RAP2
3	CDKAL1
3	CDKN2A
3	CENPJ
3	CENPP
3	CENPQ
3	CEP120
3	CEP128
3	CEP162
3	CEP192
3	CEP44
3	CEP57L1
3	CETN3
3	CFD
3	CFLAR
3	CHD6
3	CHD9
3	CHIC2
3	CHST7
3	CIR1
3	CKAP2
3	CKLF
3	CLASP1
3	CLCN5
3	CLEC4A
3	CLHC1
3	CLK1
3	CLYBL
3	CMC1
3	CMKLR1
3	CMPK2
3	CMTR2
3	CNNM2
3	CNPY3
3	CNTLN
3	CNTRL
3	COG4
3	COL25A1
3	COL8A2
3	COMMD4
3	COPG2
3	COPS7B
3	COQ8A
3	COX15
3	COX18
3	CP
3	CPA6
3	CPEB2
3	CPNE2
3	CRADD
3	CRAMP1
3	CREB1
3	CREBBP
3	CREBRF
3	CREG1
3	CRHBP
3	CRHR2
3	CRLF3
3	CROT
3	CRTAP
3	CRYZ
3	CSF1R
3	CTBP2
3	CTBS
3	CTNNBIP1
3	CTPS2
3	CTSO
3	CTSS
3	CTTNBP2NL
3	CUEDC1
3	CUL4B
3	CWF19L2
3	CYB5R4
3	CYBB
3	CYBRD1
3	CYP27A1
3	CYP4V2
3	CYTH3
3	D2HGDH
3	DAAM1
3	DCAF12
3	DCAF17
3	DDX17
3	DDX59
3	DDX60
3	DECR1
3	DEGS1
3	DERA
3	DEXI
3	DHRS3
3	DHRS4
3	DHRS4L2
3	DHTKD1
3	DIAPH2
3	DLST
3	DMXL1
3	DNAJC10
3	DNASE1
3	DNASE2
3	DOCK4
3	DOK1
3	DPH6
3	DPY19L1
3	DRAM2
3	DTWD2
3	DUS4L
3	DUSP10
3	DUSP16
3	DUSP18
3	DUSP22
3	DYRK4
3	DYSF
3	EAPP
3	ECHDC2
3	EDA
3	EEA1
3	EEF1AKMT1
3	EEPD1
3	EFHC1
3	EHMT2
3	ELK3
3	ELMO1
3	ELP2
3	ELP4
3	EMB
3	EMID1
3	EML5
3	ENPP3
3	ENTPD1
3	EP300
3	EPB41L2
3	EPG5
3	EPHB2
3	EPHB3
3	ERBIN
3	ERCC4
3	ERI2
3	ERLIN2
3	ERMARD
3	ERV3.1
3	ESR1
3	ESRRG
3	ETAA1
3	ETV5
3	EVI5
3	EXOC1
3	EXOC4
3	EXOC6B
3	EYA2
3	EYS
3	EZH1
3	F8
3	FAF1
3	FAHD1
3	FAM117B
3	FAM120B
3	FAM135A
3	FAM13A
3	FAM149B1
3	FAM174B
3	FAM185A
3	FAM200A
3	FAM216A
3	FAM227B
3	FAM76A
3	FAM76B
3	FAM78A
3	FANCD2
3	FBF1
3	FBXL17
3	FBXL4
3	FBXO11
3	FBXO25
3	FBXO33
3	FBXO4
3	FBXO8
3	FBXW4
3	FCHO2
3	FCHSD1
3	FCHSD2
3	FER
3	FEZ2
3	FGD3
3	FGF2
3	FGGY
3	FGL2
3	FHIT
3	FIGNL1
3	FKBP9
3	FLI1
3	FLYWCH1
3	FN3K
3	FOXJ2
3	FOXO1
3	FOXO3
3	FOXP1
3	FOXP2
3	FOXP4
3	FRMD4B
3	FRRS1
3	FSIP2
3	FTCDNL1
3	FTO
3	FUT10
3	GAA
3	GAB1
3	GABPA
3	GABPB2
3	GALM
3	GALNT1
3	GANC
3	GAS2L3
3	GATAD1
3	GCC2
3	GDPD4
3	GET4
3	GIGYF1
3	GIMAP1
3	GIMAP2
3	GIMAP4
3	GIMAP5
3	GINM1
3	GIT2
3	GKAP1
3	GLIPR1L1
3	GM2A
3	GMFG
3	GNB4
3	GNG12
3	GNG2
3	GNPTAB
3	GOLGA1
3	GOLPH3L
3	GPCPD1
3	GPD1L
3	GPNMB
3	GPR137C
3	GPR161
3	GRK3
3	GRK5
3	GRN
3	GSAP
3	GSDMD
3	GSE1
3	GSTM4
3	GTF2E1
3	GTF2I
3	GYPC
3	HADH
3	HAUS1
3	HBG2
3	HBP1
3	HDAC5
3	HDAC8
3	HDAC9
3	HEATR5A
3	HEATR5B
3	HECA
3	HECTD2
3	HELLS
3	HELQ
3	HELZ
3	HENMT1
3	HERC1
3	HERC3
3	HERC5
3	HERPUD2
3	HEXA
3	HGF
3	HGSNAT
3	HHAT
3	HHEX
3	HIBADH
3	HLA.DMA
3	HLA.DMB
3	HLTF
3	HMGN3
3	HMGN5
3	HNMT
3	HOMER3
3	HP1BP3
3	HS6ST1
3	HSD17B11
3	ICA1
3	ICE2
3	IDNK
3	IFFO1
3	IFIH1
3	IFIT2
3	IFT74
3	IFT88
3	IKZF5
3	IL13RA1
3	IL16
3	IMMP2L
3	IMPACT
3	ING4
3	INO80E
3	INSC
3	INSR
3	INTS2
3	INTS3
3	IPMK
3	IQCG
3	IRF2
3	IRF2BP2
3	IRF3
3	ITFG1
3	ITFG2
3	ITGB3BP
3	ITPKB
3	ITPR1
3	IVD
3	JADE2
3	JAK2
3	JKAMP
3	KANSL1L
3	KAT14
3	KAT2B
3	KAT6B
3	KCNMB3
3	KCNMB4
3	KCTD13
3	KCTD18
3	KCTD5
3	KDM3A
3	KDM4A
3	KDM5A
3	KDM7A
3	KIAA1328
3	KIF15
3	KIF20B
3	KIF27
3	KIZ
3	KLF7
3	KLHDC1
3	KLHL24
3	KLHL36
3	KLRG1
3	KMT2A
3	KMT5B
3	KRBOX4
3	KRCC1
3	L3MBTL1
3	LACTB2
3	LARP7
3	LCORL
3	LDLRAP1
3	LEKR1
3	LENG8
3	LEPR
3	LEPROT
3	LEPROTL1
3	LGALS9
3	LGR4
3	LHFPL2
3	LIN9
3	LIPA
3	LMF1
3	LONP2
3	LOXL3
3	LPAR2
3	LPCAT2
3	LRBA
3	LRCH1
3	LRIG1
3	LRMDA
3	LRP3
3	LRRC27
3	LRRC28
3	LRRC34
3	LRRC37A2
3	LRRC37A3
3	LRRC37B
3	LRRC4
3	LRRC8C
3	LRRCC1
3	LRRD1
3	LSM14B
3	LSS
3	LTBP3
3	LURAP1
3	LYPLAL1
3	M1AP
3	MACROD2
3	MAK
3	MALRD1
3	MAML2
3	MAML3
3	MANBA
3	MANEA
3	MAP2K5
3	MAP3K1
3	MAP3K14
3	MAP3K3
3	MAP3K4
3	MAP4K2
3	MARCKS
3	MARF1
3	MARVELD1
3	MBD5
3	MBNL1
3	MBNL3
3	MBTD1
3	MCCC1
3	MCEE
3	MCM8
3	MCMDC2
3	MDM1
3	MDM4
3	MED13L
3	MEF2C
3	MEMO1
3	MEST
3	METTL15
3	METTL21A
3	METTL25
3	METTL9
3	MGLL
3	MGME1
3	MGMT
3	MGST2
3	MICU3
3	MID1
3	MINDY1
3	MINPP1
3	MIPEP
3	MKLN1
3	MLLT6
3	MLYCD
3	MMP2
3	MMS22L
3	MNDA
3	MOV10
3	MRE11
3	MRNIP
3	MS4A14
3	MS4A7
3	MSI2
3	MSS51
3	MTA3
3	MTAP
3	MTERF4
3	MTHFD1L
3	MTHFSD
3	MTMR10
3	MTMR8
3	MTRF1
3	MVB12A
3	MVB12B
3	MYCBP2
3	MYO15B
3	MYO1F
3	MYO5A
3	MYO5B
3	MYOM1
3	N4BP2
3	N4BP2L1
3	N4BP2L2
3	NAALADL2
3	NAGK
3	NAGLU
3	NAV1
3	NBPF1
3	NBPF11
3	NBPF12
3	NBPF14
3	NBPF15
3	NBR1
3	NCAPD2
3	NCAPD3
3	NCF1
3	NCK1
3	NCOA4
3	NCOA5
3	NDE1
3	NEDD1
3	NEDD4L
3	NEK1
3	NEK7
3	NEMP1
3	NFATC3
3	NFIA
3	NFS1
3	NFYB
3	NFYC
3	NHLRC2
3	NHLRC3
3	NHSL1
3	NIPAL3
3	NIPBL
3	NIPSNAP3B
3	NKTR
3	NKX2.2
3	NLRC4
3	NLRP3
3	NMNAT3
3	NMRK1
3	NMT2
3	NOD1
3	NPAT
3	NPHP3
3	NPIPB4
3	NPL
3	NPY1R
3	NR1D2
3	NR2C2
3	NR3C2
3	NRBP2
3	NRIP1
3	NTPCR
3	NUAK1
3	NUB1
3	NUBPL
3	NUDT2
3	NUDT6
3	NUF2
3	NUP37
3	OBSCN
3	OFD1
3	OGFRL1
3	OLFML2B
3	ORC6
3	OSBPL1A
3	OSBPL3
3	OSER1
3	OSGEPL1
3	OXR1
3	P2RX7
3	P2RY8
3	P3H1
3	PAAF1
3	PACRGL
3	PACS2
3	PAFAH2
3	PAIP2B
3	PALB2
3	PALD1
3	PAN2
3	PANK2
3	PAOX
3	PAPLN
3	PAPOLA
3	PARD3B
3	PARN
3	PARP11
3	PARP16
3	PARP8
3	PASK
3	PATL2
3	PATZ1
3	PBX3
3	PBXIP1
3	PCBP3
3	PCCA
3	PCED1B
3	PCIF1
3	PCM1
3	PCMTD1
3	PCMTD2
3	PDCD1LG2
3	PDCD4
3	PDE6D
3	PDSS2
3	PECAM1
3	PECR
3	PER3
3	PEX1
3	PEX2
3	PEX7
3	PFKFB2
3	PGAM2
3	PGGHG
3	PGM2
3	PHC3
3	PHF11
3	PHF14
3	PHF3
3	PHF7
3	PHLPP1
3	PHYH
3	PIAS2
3	PIBF1
3	PID1
3	PIEZO1
3	PIGB
3	PIGC
3	PIGF
3	PIGK
3	PIGM
3	PIGN
3	PIGP
3	PIK3C3
3	PIK3CA
3	PIK3CD
3	PIK3CG
3	PILRA
3	PIWIL4
3	PKIB
3	PLA2G12A
3	PLA2G15
3	PLA2G6
3	PLAG1
3	PLCL1
3	PLD1
3	PLEKHF2
3	PLEKHH2
3	PLEKHO1
3	PLPP7
3	PLXNB2
3	PNISR
3	POC1B
3	POLA2
3	POLB
3	POLG2
3	POLI
3	POLN
3	POLR2D
3	PON2
3	POU2F1
3	PPA2
3	PPARA
3	PPFIBP2
3	PPIL3
3	PPM1D
3	PPM1F
3	PPM1K
3	PPP1R13L
3	PPP1R21
3	PPP1R3E
3	PPP2R3B
3	PPP2R5C
3	PRDM10
3	PRELID2
3	PRIM1
3	PRIM2
3	PRKCD
3	PRKD2
3	PRMT7
3	PROCA1
3	PRPF38B
3	PRTFDC1
3	PSPC1
3	PTCHD4
3	PTGR2
3	PTPN3
3	PTPN4
3	PTPRB
3	PTPRJ
3	PTPRM
3	PYGO2
3	QKI
3	QSER1
3	R3HDM2
3	RAB11FIP1
3	RABGAP1L
3	RABL2A
3	RACGAP1
3	RAD51AP1
3	RAD51D
3	RAD52
3	RAI14
3	RALGAPA2
3	RAPH1
3	RASAL3
3	RASGRP4
3	RASSF1
3	RASSF3
3	RASSF7
3	RB1CC1
3	RBL2
3	RBM26
3	RBM41
3	RBM43
3	RBM45
3	RBMS3
3	RCBTB1
3	RCBTB2
3	RCOR3
3	RCSD1
3	RENBP
3	REPS2
3	RERE
3	REST
3	REXO5
3	RFC3
3	RFX7
3	RGL3
3	RGS12
3	RGS18
3	RHBDD1
3	RHNO1
3	RHOBTB1
3	RHOBTB2
3	RIC1
3	RICTOR
3	RMDN1
3	RMI1
3	RNASEH2B
3	RNASEL
3	RNF13
3	RNF130
3	RNF150
3	RNF166
3	RNF170
3	RNF19B
3	RNF214
3	RNF215
3	RNF38
3	RNPC3
3	RPAP3
3	RPH3AL
3	RPP38
3	RPS6KA4
3	RPUSD3
3	RSF1
3	RSRC1
3	RSRP1
3	RTN4IP1
3	SAMD12
3	SAMD4A
3	SAMD9
3	SAMD9L
3	SCAI
3	SCAMP2
3	SCARB1
3	SCGB2B2
3	SCLT1
3	SCN9A
3	SCP2
3	SDHAF4
3	SEMA4D
3	SENP6
3	SENP7
3	SEPHS1
3	SERPINB6
3	SERTAD2
3	SESN1
3	SETD2
3	SFMBT1
3	SGK3
3	SH3KBP1
3	SH3RF1
3	SH3YL1
3	SHPRH
3	SHTN1
3	SIAH1
3	SIMC1
3	SIRT1
3	SKA2
3	SKP2
3	SLC12A4
3	SLC15A3
3	SLC16A4
3	SLC18B1
3	SLC22A23
3	SLC25A29
3	SLC25A34
3	SLC26A7
3	SLC2A13
3	SLC2A9
3	SLC35D2
3	SLC35E2B
3	SLC35E3
3	SLC35F6
3	SLC35G1
3	SLC37A2
3	SLC37A4
3	SLC38A9
3	SLC46A3
3	SLC4A8
3	SLC5A5
3	SLC6A16
3	SLC8A1
3	SLC9A9
3	SLC9B1
3	SLX4IP
3	SMAD7
3	SMAP1
3	SMAP2
3	SMARCA2
3	SMIM14
3	SMIM8
3	SMYD3
3	SMYD4
3	SNX13
3	SNX14
3	SNX16
3	SNX24
3	SNX30
3	SOS1
3	SOX12
3	SP4
3	SPAST
3	SPDL1
3	SPESP1
3	SPIN1
3	SPOP
3	SPOPL
3	SPPL3
3	SPTLC3
3	SRBD1
3	SRGAP2
3	SRGAP2B
3	SRGAP2C
3	SSBP2
3	ST6GALNAC3
3	ST8SIA4
3	STAG2
3	STAG3
3	STARD9
3	STEAP1B
3	STK17A
3	STK26
3	STK32B
3	STPG2
3	STX16
3	STX17
3	STX7
3	STYXL1
3	SUGCT
3	SUMF1
3	SUOX
3	SVBP
3	SWT1
3	SYK
3	TAB1
3	TAB2
3	TAF1
3	TAF1A
3	TAF8
3	TANGO2
3	TAPT1
3	TAS2R14
3	TATDN3
3	TBC1D1
3	TBC1D17
3	TBC1D5
3	TBC1D8B
3	TBCK
3	TBL1X
3	TBX19
3	TBX6
3	TBXAS1
3	TCEANC2
3	TCF20
3	TCF7L2
3	TCP11L2
3	TDP1
3	TDRD3
3	TDRD7
3	TDRD9
3	TEC
3	TENM4
3	TEPSIN
3	TESK2
3	TEX264
3	TFB1M
3	TFCP2
3	TFEC
3	TGFBR2
3	THADA
3	THAP6
3	THBS4
3	THNSL1
3	TIA1
3	TIAM2
3	TIGD7
3	TIMP2
3	TK2
3	TLE3
3	TLR7
3	TM6SF1
3	TMBIM4
3	TMC7
3	TMCC1
3	TMCC3
3	TMCO6
3	TMEM116
3	TMEM123
3	TMEM156
3	TMEM164
3	TMEM168
3	TMEM169
3	TMEM175
3	TMEM182
3	TMEM19
3	TMEM218
3	TMEM220
3	TMEM236
3	TMEM245
3	TMEM255A
3	TMEM268
3	TMEM39B
3	TMEM42
3	TMEM68
3	TMLHE
3	TNFSF8
3	TOP2B
3	TP53I11
3	TP53I13
3	TP63
3	TPK1
3	TPM1
3	TPM2
3	TPTE2
3	TRAFD1
3	TRAPPC6A
3	TRIM22
3	TRIM56
3	TRIM62
3	TRIM66
3	TRIM8
3	TRIOBP
3	TRMO
3	TRMT1L
3	TSC2
3	TTBK2
3	TTC12
3	TTC13
3	TTC14
3	TTC17
3	TTC21A
3	TTC28
3	TTC7A
3	TTLL3
3	TTLL4
3	TUBGCP5
3	TXNDC16
3	TXNIP
3	UBE2E2
3	UBE3D
3	UBE4B
3	UBL3
3	UBN2
3	UBXN2A
3	UBXN7
3	UHRF2
3	ULK1
3	UNC5B
3	UNKL
3	USP40
3	UTRN
3	UVSSA
3	VASH1
3	VIPR1
3	VNN2
3	VPS13B
3	VPS13C
3	VPS39
3	VPS41
3	VPS45
3	VPS50
3	VPS8
3	VSIG10
3	WASHC3
3	WASHC4
3	WBP4
3	WDFY4
3	WDPCP
3	WDR27
3	WDR59
3	WDR70
3	WDR76
3	WDR81
3	WDSUB1
3	WDTC1
3	WIPF3
3	WIPI1
3	WIPI2
3	WNT2B
3	WWOX
3	WWP1
3	WWP2
3	XPO7
3	YIPF4
3	YLPM1
3	YPEL1
3	ZBTB34
3	ZBTB37
3	ZBTB44
3	ZC3H12C
3	ZC3H6
3	ZDHHC2
3	ZDHHC20
3	ZDHHC21
3	ZDHHC24
3	ZFAT
3	ZFP14
3	ZFP36L1
3	ZFP64
3	ZGLP1
3	ZKSCAN7
3	ZMAT1
3	ZMYM1
3	ZMYND11
3	ZMYND8
3	ZNF107
3	ZNF117
3	ZNF124
3	ZNF138
3	ZNF148
3	ZNF155
3	ZNF18
3	ZNF184
3	ZNF211
3	ZNF212
3	ZNF226
3	ZNF236
3	ZNF250
3	ZNF253
3	ZNF254
3	ZNF263
3	ZNF266
3	ZNF280D
3	ZNF282
3	ZNF318
3	ZNF334
3	ZNF33A
3	ZNF33B
3	ZNF345
3	ZNF347
3	ZNF350
3	ZNF438
3	ZNF439
3	ZNF467
3	ZNF468
3	ZNF470
3	ZNF486
3	ZNF490
3	ZNF506
3	ZNF507
3	ZNF510
3	ZNF514
3	ZNF518A
3	ZNF532
3	ZNF559
3	ZNF559.ZNF177
3	ZNF573
3	ZNF594
3	ZNF606
3	ZNF615
3	ZNF624
3	ZNF630
3	ZNF638
3	ZNF641
3	ZNF652
3	ZNF66
3	ZNF674
3	ZNF678
3	ZNF680
3	ZNF684
3	ZNF688
3	ZNF69
3	ZNF691
3	ZNF701
3	ZNF703
3	ZNF717
3	ZNF718
3	ZNF721
3	ZNF738
3	ZNF740
3	ZNF765
3	ZNF766
3	ZNF768
3	ZNF780B
3	ZNF782
3	ZNF85
3	ZNF862
3	ZNF891
3	ZNF90
3	ZNRF2
3	ZSCAN2
3	ZSCAN30
3	ZSCAN9
4	ARHGAP11A
4	ARHGAP11B
4	ARHGEF39
4	ASPM
4	ATAD2
4	AURKA
4	AURKB
4	BRIP1
4	BUB1
4	BUB1B
4	C21orf58
4	CDC45
4	CDCA2
4	CDCA3
4	CENPE
4	CENPF
4	CENPI
4	CENPK
4	CEP55
4	CHEK1
4	CLEC2B
4	CLIC2
4	DEPDC1
4	DIAPH3
4	DLGAP5
4	DTL
4	ESCO2
4	EZH2
4	FCGBP
4	GTSE1
4	HMMR
4	IER5L
4	IQGAP3
4	KIF11
4	KIF14
4	KIF18B
4	KIF4A
4	KNL1
4	MELK
4	MND1
4	MS4A4E
4	NCAPG
4	NCAPH
4	NUSAP1
4	PARPBP
4	POLQ
4	PRC1
4	PSTPIP1
4	SGO1
4	SHCBP1
4	SPC25
4	STIL
4	TACC3
4	TICRR
4	TOP2A
4	TPX2
4	TTK
4	UHRF1
4	WDR62
5	AIF1
5	BAX
5	EEF1B2
5	EIF1
5	FAU
5	FTH1
5	FTL
5	GPS2
5	HNRNPAB
5	JTB
5	LSM7
5	NACA
5	PA2G4
5	PFN1
5	PPP1R14B
5	PRELID1
5	PSME1
5	PTMA
5	RPL10
5	RPL10A
5	RPL11
5	RPL12
5	RPL13
5	RPL13A
5	RPL18
5	RPL18A
5	RPL19
5	RPL22L1
5	RPL23
5	RPL23A
5	RPL28
5	RPL29
5	RPL30
5	RPL31
5	RPL32
5	RPL35
5	RPL36AL
5	RPL37
5	RPL37A
5	RPL5
5	RPL6
5	RPL7A
5	RPL8
5	RPLP0
5	RPLP1
5	RPLP2
5	RPS11
5	RPS12
5	RPS14
5	RPS15
5	RPS15A
5	RPS16
5	RPS17
5	RPS18
5	RPS20
5	RPS23
5	RPS24
5	RPS27
5	RPS27A
5	RPS5
5	RPS6
5	RPS8
5	SNRPD1
5	TOMM7
5	TSPO
5	UBA52
6	AMPD2
6	ARFGAP3
6	ARHGAP18
6	ARHGAP6
6	BAZ1A
6	CCNL1
6	CD58
6	CDKN1A
6	CEP170
6	CHMP4B
6	CSNK1A1
6	CSNK1D
6	DGKD
6	ERGIC1
6	ETV6
6	F11R
6	FAM110B
6	FBXW11
6	FCER1G
6	FHL3
6	FPR1
6	GK
6	GRAMD4
6	HBEGF
6	IL1RAP
6	IRF1
6	LCP2
6	LITAF
6	METRNL
6	MGAT5
6	MIDN
6	MYO10
6	NAMPT
6	NECTIN2
6	NFIL3
6	PANX1
6	PDE8A
6	PPARD
6	PRKCH
6	PTP4A2
6	PTPN7
6	RAB27A
6	RAPGEF2
6	RELT
6	RNF144B
6	SLC16A3
6	SPACA6
6	STX4
6	TGFBI
6	TNFRSF12A
6	UBAP1
6	UBASH3B
6	UBE2D3
6	UBXN2B
6	VAPA
6	VMP1
6	ZHX2
6	ZNFX1
8	ABHD14A
8	ABT1
8	ACOT13
8	ACTB
8	ACYP1
8	AHSA1
8	AK1
8	ALDOA
8	ALYREF
8	ANAPC11
8	ANKRD39
8	ANKRD9
8	ARF5
8	ARL6IP1
8	ARPC3
8	ATOX1
8	ATP6V0B
8	ATP6V1F
8	ATP6V1G2
8	AURKAIP1
8	BANF1
8	BEX1
8	BEX2
8	BEX3
8	BEX4
8	BEX5
8	BLOC1S1
8	BLVRA
8	BOLA3
8	BORCS7
8	BTF3
8	C12orf57
8	C15orf61
8	C18orf32
8	C19orf53
8	C19orf81
8	C1GALT1C1
8	C1QTNF4
8	C1orf56
8	C6orf226
8	CA2
8	CACYBP
8	CALM2
8	CALY
8	CARTPT
8	CBLN4
8	CBR1
8	CCDC167
8	CCK
8	CDK9
8	CDKN1C
8	CHCHD10
8	CHCHD2
8	CHMP5
8	CISD1
8	CKB
8	CKMT1A
8	CLDN10
8	CLDND2
8	CLEC11A
8	CNPPD1
8	COA6
8	COCH
8	COMMD6
8	COMTD1
8	COPS9
8	COX14
8	COX17
8	COX4I1
8	COX5A
8	COX5B
8	COX6A1
8	COX6B1
8	COX6C
8	COX7A1
8	COX7A2
8	COX7B
8	COX7C
8	COX8A
8	CRTC2
8	CRYAB
8	CRYM
8	CSNK1E
8	CSNK2B
8	CST3
8	CSTB
8	CUTA
8	CYCS
8	DAD1
8	DBI
8	DCTN3
8	DDAH2
8	DDRGK1
8	DDT
8	DNAJB9
8	DNAJC19
8	DNPH1
8	DPM3
8	DRAP1
8	DSTN
8	DUSP28
8	DYNLL1
8	DYNLRB1
8	EBNA1BP2
8	ECH1
8	EDF1
8	EIF3K
8	EIF6
8	ELOB
8	EMC6
8	ENDOG
8	ERH
8	ESD
8	FABP3
8	FABP5
8	FABP7
8	FAM229B
8	FAM50B
8	FBXO2
8	FIS1
8	FKBP1B
8	FKBP2
8	FLYWCH2
8	FMC1
8	FZD2
8	GABARAPL2
8	GADD45A
8	GADD45GIP1
8	GAPDH
8	GGCT
8	GGH
8	GNG3
8	GPX4
8	GSTP1
8	HAX1
8	HIGD2A
8	HINT1
8	HMGB2
8	HNRNPH2
8	HOPX
8	HSBP1L1
8	HSD17B10
8	IFI27L1
8	IFI27L2
8	IFI6
8	ISCU
8	ISG15
8	ITM2B
8	JAGN1
8	KRT10
8	KRT17
8	KRT222
8	LAGE3
8	LAMTOR2
8	LGALS1
8	LKAAEAR1
8	LPCAT4
8	LRWD1
8	LSM3
8	LY6H
8	LYSMD2
8	MAD2L1BP
8	MAP1LC3A
8	MARCKSL1
8	MDH1
8	MESP1
8	METTL26
8	MGST3
8	MIEN1
8	MIF
8	MISP3
8	MMP14
8	MORF4L1
8	MORN2
8	MRPL11
8	MRPL14
8	MRPL16
8	MRPL17
8	MRPL21
8	MRPL23
8	MRPL32
8	MRPL34
8	MRPL36
8	MRPL43
8	MRPL52
8	MRPL54
8	MRPL55
8	MRPL57
8	MRPL9
8	MRPS28
8	MRPS33
8	MT1E
8	MT1G
8	MT1M
8	MT1X
8	MT3
8	MYL12B
8	MYL6
8	MZT2A
8	NAA38
8	NDUFA1
8	NDUFA11
8	NDUFA12
8	NDUFA13
8	NDUFA2
8	NDUFA3
8	NDUFA4
8	NDUFA8
8	NDUFAB1
8	NDUFAF3
8	NDUFAF4
8	NDUFB1
8	NDUFB10
8	NDUFB11
8	NDUFB2
8	NDUFB3
8	NDUFB4
8	NDUFB6
8	NDUFB7
8	NDUFB8
8	NDUFC1
8	NDUFC2
8	NDUFS3
8	NDUFS5
8	NDUFS7
8	NDUFS8
8	NEDD8
8	NHP2
8	NME1
8	NME3
8	NNAT
8	NOP10
8	NPIPA1
8	NSMCE3
8	NUDT14
8	OAZ1
8	OCIAD2
8	OST4
8	OXLD1
8	PABPN1
8	PARK7
8	PCBD1
8	PCBP1
8	PCNA
8	PCNX3
8	PCP4
8	PCSK1N
8	PDCD5
8	PDZD11
8	PET100
8	PFDN2
8	PFDN4
8	PFDN5
8	PHPT1
8	PMM1
8	POLD4
8	POLR2I
8	POLR2J
8	POLR2K
8	POLR2L
8	PPDPF
8	PPIA
8	PPP1R35
8	PPP3R1
8	PPP4C
8	PRDX1
8	PRDX2
8	PRDX3
8	PRDX5
8	PSENEN
8	PSMA7
8	PSMB1
8	PSMB3
8	PSMB6
8	PSMG3
8	PTGDS
8	PTRHD1
8	PYURF
8	RAB33A
8	RABAC1
8	RAC3
8	RAD23A
8	RAN
8	RANBP1
8	RASL10A
8	RBP1
8	RBP4
8	RGCC
8	RIPPLY2
8	RNF181
8	RNF5
8	ROMO1
8	RPL14
8	RPL15
8	RPL24
8	RPL26
8	RPL27
8	RPL34
8	RPL36
8	RPL38
8	RPL39
8	RPL41
8	RPL7
8	RPL9
8	RPP25L
8	RPRML
8	RPS10
8	RPS13
8	RPS19BP1
8	RPS21
8	RPS25
8	RPS26
8	RPS28
8	RPS29
8	RPS3A
8	RPS7
8	RSL24D1
8	RTL8A
8	RTL8C
8	S100A1
8	S100A13
8	S100A6
8	SAT2
8	SCAND1
8	SCG5
8	SCRG1
8	SDF2
8	SDHAF1
8	SEC22B
8	SEC61B
8	SEC61G
8	SELENOH
8	SELENOK
8	SELENOM
8	SERF2
8	SET
8	SF3B6
8	SH3BGRL3
8	SKP1
8	SLC25A5
8	SLC35B2
8	SLIRP
8	SMDT1
8	SMIM26
8	SMIM27
8	SNCG
8	SNRPB2
8	SNRPD2
8	SOD1
8	SOX9
8	SPACA9
8	SPCS1
8	SRP14
8	SRP19
8	SRSF9
8	SS18L2
8	SSR4
8	SST
8	STMN1
8	STOML2
8	SUMO2
8	SUPT4H1
8	SURF2
8	TAC1
8	TAF9
8	TAGLN3
8	TBCB
8	TCEAL2
8	TCEAL3
8	TCEAL4
8	TCEAL5
8	TCEAL6
8	TCEAL7
8	TECR
8	THYN1
8	TIMM10
8	TIMM17B
8	TMA7
8	TMEM129
8	TMEM14A
8	TMEM208
8	TMEM256
8	TMEM258
8	TMEM54
8	TMEM70
8	TMSB10
8	TMSB4X
8	TNFAIP2
8	TNFSF12
8	TOMM5
8	TPI1
8	TRAPPC1
8	TRAPPC2L
8	TRMT1
8	TRMT112
8	TRPT1
8	TSC22D4
8	TSTD1
8	TUBB2A
8	TXN
8	TXNDC17
8	UBB
8	UBC
8	UBE2S
8	UBL5
8	UCHL1
8	UPK3BL1
8	UQCC3
8	UQCR10
8	UQCR11
8	UQCRFS1
8	UQCRH
8	UQCRQ
8	USF1
8	UXT
8	VDAC1
8	WDR83OS
8	WSB2
8	YPEL3
8	YWHAE
8	YWHAH
8	ZFPL1
8	ZNF428
8	ZNF593
9	A2M
9	ABHD11
9	ABR
9	ACSF2
9	ACSM5
9	ACY3
9	ADA2
9	ADAP2
9	ADRB2
9	AGAP9
9	ALDH3B1
9	ANKRD44
9	APBB1IP
9	APPL2
9	ARHGAP17
9	ARID3B
9	ARL5C
9	ARRB1
9	ARRDC5
9	ASCL4
9	ATP2A3
9	ATP7A
9	ATP8B3
9	AZIN2
9	BCL9L
9	BCO2
9	BEAN1
9	BICRAL
9	BIN2
9	BLNK
9	BTD
9	C12orf75
9	C4orf19
9	CABYR
9	CACNB4
9	CAMK1D
9	CARD11
9	CARD14
9	CCS
9	CDH23
9	CECR2
9	CFAP74
9	CLEC17A
9	CLEC9A
9	CLTCL1
9	COL5A1
9	COQ7
9	CSF3R
9	CX3CR1
9	CYFIP1
9	CYP26C1
9	CYSLTR1
9	DDB2
9	DEPTOR
9	DHRS9
9	DIP2A
9	DNMT3A
9	DPP4
9	DPYS
9	EHHADH
9	EML1
9	ENOSF1
9	ENPP1
9	ERMAP
9	EVL
9	EXPH5
9	FCGRT
9	FFAR4
9	FGF20
9	FMNL3
9	FMO5
9	FOXN3
9	FRMD4A
9	GAK
9	GAL3ST4
9	GCNT2
9	GHRL
9	GIMAP7
9	GIMAP8
9	GOLGA8M
9	GPN3
9	GPR34
9	GRIN2D
9	GSTM2
9	GTF2IRD2
9	GTF2IRD2B
9	HAAO
9	HFE
9	HRH1
9	HTRA1
9	HVCN1
9	IGF1
9	IGSF10
9	IGSF6
9	IL6R
9	IL6ST
9	INPP5D
9	JUP
9	KANK2
9	KBTBD12
9	KCNQ1
9	KDM2B
9	KIF26B
9	KLHL18
9	LILRA1
9	LIPG
9	LPAR1
9	LPAR5
9	LPAR6
9	LPIN2
9	LRRK1
9	LST1
9	MAP1LC3B2
9	MAP3K5
9	MAP3K7CL
9	MAP4K4
9	MED12L
9	MEIS1
9	METTL27
9	MFSD11
9	MILR1
9	MMP28
9	MPEG1
9	MPPE1
9	MRC2
9	MYO18A
9	NAV2
9	NCKAP1L
9	NDUFAF6
9	NOL4L
9	NUP62CL
9	NXN
9	OAS1
9	OLFML3
9	OSBPL11
9	P2RY12
9	P2RY13
9	P2RY6
9	PAQR5
9	PCDH12
9	PDE9A
9	PEBP4
9	PIK3C2B
9	PLCG2
9	PLCXD3
9	PLXDC1
9	PMEPA1
9	PNMA5
9	PRDM11
9	PRKCQ
9	PRR11
9	PTAFR
9	PTPN14
9	RAB32
9	RAP1GAP2
9	RASGEF1C
9	RGS10
9	RNF213
9	RPRD2
9	RTKN
9	RTTN
9	RYR1
9	S100PBP
9	S100Z
9	SALL1
9	SELPLG
9	SEMA4C
9	SFMBT2
9	SIGLEC11
9	SLC25A45
9	SLC29A3
9	SLC35G2
9	SLC9C2
9	SMAD6
9	SNX18
9	SNX22
9	SNX29
9	SOCS6
9	SORL1
9	SPAG6
9	SPECC1
9	SPNS2
9	SPNS3
9	ST3GAL6
9	SUSD3
9	SYNDIG1
9	TANC1
9	TBC1D22A
9	TDRD10
9	TET3
9	TFCP2L1
9	TFDP2
9	TGIF2
9	TIAM1
9	TIGD4
9	TLR4
9	TMEM154
9	TNFRSF13C
9	TNRC18
9	TSPAN15
9	UBA7
9	ULK2
9	USP6NL
9	UTP6
9	WBP2NL
9	WDFY2
9	WLS
9	YPEL2
9	ZCWPW1
9	ZDHHC19
9	ZFHX3
9	ZFP36L2
9	ZNF10
9	ZNF362
9	ZNF397
9	ZNF528
9	ZNF609
9	ZNF689
9	ZNF710
9	ZNF844
9	ZP3
10	ADIPOR2
10	ADNP2
10	ANKRD11
10	ARHGEF10L
10	ARIH1
10	ATL2
10	ATP6V0A1
10	ATP6V1C1
10	BCAT1
10	BTAF1
10	CDC14B
10	CDC42SE2
10	CERK
10	CHD1
10	CLN8
10	CMTM7
10	CNOT9
10	CRK
10	CXADR
10	DDX3X
10	DENND4A
10	DENND5A
10	DNM2
10	EHD4
10	ESYT2
10	FAM149A
10	FARP2
10	FBXO34
10	FGD4
10	FOXK2
10	FRMD8
10	FYTTD1
10	GNG7
10	GSN
10	GTF2B
10	HAVCR2
10	HDX
10	HEXB
10	IRAK3
10	KCTD20
10	KDM3B
10	KIF16B
10	KLHL5
10	MAD1L1
10	MAPRE1
10	MBP
10	MCU
10	MECP2
10	MIOS
10	MKNK1
10	MSN
10	MTHFR
10	MYO9B
10	NCOR2
10	NETO2
10	NFATC1
10	NGLY1
10	P2RX4
10	PABPC1
10	PCNX4
10	PFKFB3
10	PLEKHM2
10	PNPLA8
10	POLR2A
10	PPP1R10
10	PPP2R2D
10	PRKAR2A
10	PRRC2C
10	PSMA1
10	PSME4
10	RABGEF1
10	RAD51C
10	RASA3
10	RBBP8
10	RCC2
10	RCOR1
10	RHOA
10	RHOQ
10	RNF114
10	RNF168
10	RYBP
10	SF1
10	SHMT1
10	SLC17A5
10	SLC23A2
10	SMAD3
10	SMCHD1
10	SMS
10	SOAT1
10	SPRED2
10	SREBF2
10	STK4
10	SUCO
10	TAOK3
10	TBK1
10	TICAM1
10	TOB2
10	UBAP2L
10	USP4
10	WBP1L
10	WSB1
10	YME1L1
10	ZCCHC2
10	ZNF277
11	ACSM4
11	ADAMTS2
11	ALOX15B
11	ALOX5
11	ANKRD22
11	ANKS1A
11	APOL6
11	ARHGAP26
11	ATP11A
11	BACH1
11	BCL2A1
11	BCL6
11	C1orf162
11	CASP1
11	CASP4
11	CASP5
11	CD163
11	CD163L1
11	CD1D
11	CEACAM1
11	CETP
11	CHCHD7
11	CPEB4
11	CTSC
11	CUL1
11	DENND2D
11	DENND3
11	DTNBP1
11	E2F3
11	ERC2
11	F13A1
11	FCGR1A
11	FCGR3A
11	FKBP5
11	FLOT2
11	FSHR
11	GCA
11	GMPPB
11	GRAMD1A
11	HAMP
11	HCK
11	HDAC4
11	HIGD1C
11	HPN
11	HRH2
11	IFNAR2
11	IGF2R
11	IKZF2
11	ITPKC
11	JAK3
11	KCNJ2
11	KLHL2
11	LAP3
11	LTBR
11	MAP3K8
11	MTHFS
11	MYO1G
11	NLRC5
11	NOD2
11	PARP9
11	PDIA4
11	PHC2
11	PIM1
11	PLAC8
11	PPA1
11	PPAN
11	PRKD3
11	PRR5
11	PSTPIP2
11	PYGL
11	RAB38
11	RAC2
11	RGS16
11	S100A8
11	S100A9
11	SAP30
11	SECTM1
11	SELL
11	SERPINA1
11	SH2D4A
11	SH3PXD2B
11	SH3RF3
11	SIGLEC7
11	SIGLEC9
11	SLAMF8
11	SLC12A9
11	SLC17A9
11	SLC2A5
11	SLC5A9
11	SND1
11	SNX20
11	SPATA6
11	SPON1
11	ST14
11	STAT5B
11	TBC1D14
11	TBC1D2B
11	TBC1D8
11	TBXA2R
11	TGFBR1
11	THBS1
11	TIFA
11	TMEM163
11	TMEM176A
11	TMEM176B
11	TNFRSF11B
11	TRIM25
11	USP15
11	VSIG4
12	ACOT9
12	ADAM9
12	AGO2
12	AMZ1
12	ANXA5
12	ARF4
12	ARHGEF7
12	ARID5B
12	ATOH8
12	BMF
12	CAPZA1
12	CCDC138
12	CCL3
12	CCL4
12	CGNL1
12	COPA
12	CRY1
12	CXCL16
12	CYTH1
12	EMD
12	FAM107B
12	FPR3
12	GBP2
12	GCH1
12	GCNT7
12	GNA12
12	GPD2
12	GPR132
12	HCST
12	HIVEP1
12	HLA.DRB5
12	ICAM1
12	IER3
12	IFI30
12	IFNLR1
12	IL1B
12	IL4I1
12	IP6K3
12	KLHL6
12	LPL
12	MAGT1
12	MAP2K3
12	MAP4K3
12	MB21D2
12	MYO1E
12	NAB2
12	NFKB1
12	NFKB2
12	NRROS
12	PAF1
12	PARVB
12	PDE4A
12	PDPN
12	PHF20
12	PLEK
12	PLEKHO2
12	PLP2
12	QPCTL
12	RAB1A
12	RAB31
12	RAB8B
12	RAPGEF1
12	RASGRP3
12	RELB
12	RGL1
12	S100A11
12	SAT1
12	SCML1
12	SH2B3
12	SIK3
12	SLC25A25
12	SLC43A2
12	SLC7A5
12	SLFN11
12	SNX8
12	SNX9
12	SPAG9
12	SPTLC2
12	SQSTM1
12	SRC
12	SREBF1
12	STARD8
12	STK17B
12	STK38L
12	SYTL3
12	TNFAIP8L3
12	TOM1
12	TRIB1
12	UBE2F
12	VMO1
12	WDR91
12	ZNF267
13	ADAMTSL2
13	ADGRG6
13	AKT3
13	ALDH1A3
13	ANKRA2
13	ANXA4
13	AOAH
13	APBA1
13	ARHGAP22
13	ARHGEF6
13	ARL15
13	ARPIN
13	ARRDC2
13	ATM
13	ATXN7L1
13	BANK1
13	BCAS3
13	BCL2L11
13	BNC2
13	BROX
13	C12orf42
13	C20orf96
13	CASP10
13	CBR4
13	CCND3
13	CD84
13	CDK19
13	CEBPA
13	CLDN4
13	CLEC2D
13	CNGA1
13	COL14A1
13	CPED1
13	CREBL2
13	CSGALNACT1
13	CXCL12
13	CYTL1
13	DHRS12
13	DIP2B
13	DOCK10
13	DOCK8
13	DPEP2
13	FAM111A
13	FBXL20
13	FMO4
13	GLCCI1
13	GLCE
13	GLIPR1
13	GRID2
13	HACD4
13	HPGDS
13	HPS3
13	HS3ST4
13	HSPBAP1
13	IFNGR1
13	ITPR2
13	JAM2
13	KANTR
13	KCNE3
13	KCTD7
13	KHDRBS3
13	LIPC
13	LIPE
13	LMO1
13	LPXN
13	LY86
13	LYST
13	MAF
13	MAMDC2
13	MAP2K6
13	MCM7
13	MEF2A
13	MEI4
13	MIS18BP1
13	MMRN1
13	MORC1
13	MRI1
13	MXD4
13	NCOA2
13	NEK3
13	NLRP1
13	NSUN7
13	NUAK2
13	OMA1
13	OSBPL6
13	P3H2
13	PAN3
13	PCNX2
13	PDGFC
13	PELI2
13	PGM5
13	PIP5K1B
13	PIPOX
13	PKN2
13	PLCL2
13	PLEKHM3
13	PRIMPOL
13	PRKN
13	RAD51B
13	RAPGEF6
13	RNASE6
13	RNF125
13	RNF135
13	RPS6KA5
13	SIGLEC8
13	SLC15A2
13	SLC40A1
13	SLC4A7
13	SMURF2
13	SNX2
13	STON2
13	SYT6
13	TBC1D12
13	TBC1D4
13	TBC1D9
13	TLR3
13	TMEM255B
13	TMEM71
13	TMEM86A
13	TNRC6B
13	TP53INP1
13	TPCN1
13	TRAF3IP3
13	TRANK1
13	USP24
13	USP53
13	UVRAG
13	VSIR
13	ZBTB20
13	ZNF618
13	ZNF846
14	AAK1
14	ABI1
14	ACBD3
14	ACSL4
14	ACTR2
14	ACTR3
14	ADAM17
14	AFMID
14	AFTPH
14	AIMP2
14	AKAP13
14	ANGPTL1
14	ANP32B
14	AP1G1
14	AP1S2
14	AP5Z1
14	AREL1
14	ARF1
14	ARHGAP31
14	ARID4B
14	ARIH2
14	ARL8B
14	ARPC2
14	ARPC5
14	ASPHD2
14	ATF5
14	ATF6
14	ATG5
14	ATP11B
14	ATP2A2
14	B4GALT4
14	BACE2
14	BCKDK
14	BCL2
14	BCLAF1
14	BEST1
14	BET1L
14	BIN3
14	BIRC6
14	BMP7
14	BNIP2
14	BRAF
14	BRD2
14	CA5B
14	CACNA2D4
14	CALU
14	CAPN2
14	CBLB
14	CCDC134
14	CCNK
14	CD63
14	CD74
14	CDC42
14	CDC42SE1
14	CDK11B
14	CEBPZ
14	CEP19
14	CEP68
14	CHD2
14	CHD8
14	CLEC5A
14	CNOT1
14	COPB1
14	COQ10B
14	CTNNB1
14	CTSZ
14	CUX1
14	CYP2R1
14	CYSTM1
14	DDOST
14	DDX18
14	DDX39A
14	DHRS7
14	DHX9
14	DLGAP4
14	DNAJC5
14	DNASE1L1
14	DONSON
14	DOT1L
14	DPH3
14	DUS3L
14	EBI3
14	EIF2D
14	EIF4A1
14	EIF4B
14	EIF4E
14	ELK1
14	EMILIN2
14	ENG
14	EPB41L3
14	ERAP1
14	ESRRA
14	FAM13B
14	FAM177A1
14	FAM210A
14	FBXL12
14	FILIP1L
14	FLOT1
14	FMNL1
14	FMNL2
14	FTSJ1
14	FUCA1
14	FURIN
14	GGCX
14	GLI1
14	GLS
14	GMEB2
14	GNAI3
14	GNB1
14	GNE
14	GNG5
14	GPAT4
14	GPN1
14	GPRIN3
14	GUSB
14	HBM
14	HDLBP
14	HES6
14	HLA.A
14	HLA.B
14	HLA.C
14	HLA.DPA1
14	HLA.DPB1
14	HLA.DRA
14	HLA.DRB1
14	HLA.E
14	HNRNPA1
14	HNRNPC
14	HNRNPH1
14	HNRNPL
14	HOOK3
14	HPS5
14	HSPA9
14	HUWE1
14	IAH1
14	IBTK
14	IFNGR2
14	IKBKE
14	IL10RA
14	ILF3
14	IMMT
14	INPP4A
14	IPO9
14	IRF9
14	ITCH
14	JMJD6
14	KAT5
14	KDELR2
14	KMT2E
14	KPNA4
14	KPNB1
14	KSR1
14	LARP4
14	LARP4B
14	LILRB2
14	LILRB4
14	LRRFIP1
14	LSMEM1
14	LYN
14	LYSMD3
14	MAEA
14	MAFK
14	MAN1A1
14	MAP2K1
14	MAPK6
14	MGAM
14	MICB
14	MIER2
14	MPDU1
14	MROH6
14	MXD1
14	MYL12A
14	NAA15
14	NELFCD
14	NFAT5
14	NFYA
14	NIPSNAP3A
14	NKIRAS2
14	NOB1
14	NPC2
14	NPM1
14	NRAS
14	NRBF2
14	NRDC
14	NSMAF
14	NUP58
14	NUP62
14	NUP98
14	NXF1
14	OPA3
14	OPALIN
14	OSCAR
14	OVCH1
14	PAFAH1B1
14	PARVG
14	PDZD9
14	PEPD
14	PFDN1
14	PGK1
14	PIK3R1
14	PITPNA
14	PLA2G7
14	PLD2
14	PLIN3
14	PLVAP
14	PNKP
14	POLD1
14	POLD2
14	POMZP3
14	PPP1R15B
14	PPP2R2A
14	PPP4R3A
14	PPP6R3
14	PPTC7
14	PRDX4
14	PRKAB1
14	PTPN6
14	RAB10
14	RAB11A
14	RAB21
14	RAB22A
14	RAB2A
14	RAB3GAP2
14	RAB7A
14	RAF1
14	RAP1A
14	RAP1B
14	RASSF2
14	RBM25
14	RBM47
14	RELA
14	RHEB
14	RIN3
14	RIT1
14	RLF
14	RNMT
14	RP2
14	RPL36A
14	RPS9
14	RUVBL1
14	SAMD8
14	SAR1A
14	SCARF1
14	SCFD1
14	SCYL2
14	SDE2
14	SEC14L1
14	SEC23B
14	SEL1L3
14	SENP5
14	SERP1
14	SFXN3
14	SH3BP5
14	SH3GL1
14	SH3TC1
14	SIK2
14	SLBP
14	SLC12A6
14	SLC16A10
14	SLC25A19
14	SLC25A33
14	SLC26A2
14	SLC26A5
14	SMC5
14	SMG1
14	SMIM3
14	SMNDC1
14	SNRPA1
14	SNX1
14	SPAG7
14	SPATA13
14	SPRED1
14	SPTY2D1
14	SQLE
14	SRGAP1
14	SRSF3
14	SRSF4
14	SRSF7
14	STAB1
14	STARD4
14	STAT2
14	STAU1
14	STK10
14	STK40
14	STX12
14	TAF2
14	TBC1D30
14	TCTN3
14	THRAP3
14	TIMP1
14	TINF2
14	TM9SF3
14	TMED5
14	TMED9
14	TMEM259
14	TMEM38B
14	TMEM63B
14	TMEM9B
14	TOR3A
14	TPM3
14	TPRG1
14	TRPV2
14	TWSG1
14	TXNDC11
14	UBA6
14	UBE2A
14	UBR4
14	USP10
14	USP32
14	USP9X
14	VASP
14	WDR55
14	WTAP
14	YBX1
14	YTHDF3
14	ZBTB11
14	ZBTB2
14	ZC3H3
14	ZFAND3
14	ZFC3H1
14	ZMIZ1
14	ZNF394
14	ZNF565
14	ZNF830
14	ZSCAN32
14	ZYX
15	AATF
15	ADGRG1
15	AEN
15	AGBL5
15	ALAS1
15	ALDH18A1
15	ALG2
15	ALG3
15	APOBR
15	APOC1
15	ARAF
15	ARF6
15	ASAP1
15	ASIP
15	ASXL1
15	BATF3
15	BCL2L1
15	BIN1
15	BRIX1
15	BST2
15	C1QA
15	C1QB
15	C1QC
15	C5orf15
15	CA8
15	CALHM2
15	CALR
15	CARM1
15	CCNY
15	CCR1
15	CCT6A
15	CD151
15	CD180
15	CD300A
15	CDC73
15	CHI3L1
15	CHST11
15	CLIC4
15	CLTC
15	CNIH4
15	CNOT11
15	COA4
15	CRELD2
15	CTDP1
15	CTDSP1
15	CTNNA1
15	CTPS1
15	CYTH4
15	DDX56
15	DERL2
15	DHX15
15	DHX37
15	DICER1
15	DNAJB11
15	DNAJC3
15	DOK3
15	DPAGT1
15	DTNB
15	DTX3L
15	E2F4
15	EDEM1
15	EIF2A
15	EIF3H
15	EIF5B
15	ELL
15	ERP44
15	FAM114A1
15	FAM89A
15	FARP1
15	FHOD1
15	FKBP14
15	FNDC3B
15	GALE
15	GAS6
15	GATAD2A
15	GDI2
15	GNAQ
15	GNL3
15	GPATCH4
15	GPR65
15	GRB2
15	GRPEL1
15	GTF2F2
15	GTPBP4
15	HAPLN3
15	HEATR1
15	HIPK3
15	HMGXB3
15	HNRNPF
15	HSP90B1
15	HSPA5
15	HYOU1
15	IFITM2
15	IFNAR1
15	IFRD2
15	IL17RA
15	IL21R
15	INO80D
15	INTS6
15	IPO7
15	IQGAP1
15	ITPRIP
15	KCNJ5
15	KIAA0232
15	LAPTM4B
15	LILRB1
15	LRR1
15	LXN
15	LY96
15	LYAR
15	LYPLA2
15	MANF
15	MAP4
15	MAPK13
15	MBD2
15	MFSD2A
15	MLLT1
15	MMGT1
15	MS4A4A
15	MS4A6A
15	MVP
15	NANS
15	NASP
15	NCK2
15	NCLN
15	NEK6
15	NFKBIZ
15	NOCT
15	NOL10
15	NOLC1
15	NOP56
15	NOP58
15	NOTCH1
15	NT5C2
15	NUDT16
15	NUFIP2
15	OSTC
15	P4HA3
15	P4HB
15	PCK2
15	PDIA3
15	PDIA5
15	PDIA6
15	PDSS1
15	PIM3
15	PISD
15	PKD2L2
15	PLAGL2
15	PLCB3
15	PLPP5
15	PMM2
15	PNO1
15	POLR1C
15	PRDM8
15	PSMA5
15	PSMD1
15	PSME2
15	PTDSS1
15	PTPRE
15	PTRH2
15	PUS1
15	PVR
15	PYCR1
15	RAB13
15	RABEP2
15	RABGGTB
15	RASA2
15	RB1
15	RBM3
15	RBMS1
15	RBPJ
15	RCC1
15	RNF175
15	RNGTT
15	RP9
15	RPL17
15	RPN1
15	RPS2
15	RRP15
15	RRP8
15	SCIN
15	SDF2L1
15	SEC31A
15	SEC63
15	SEH1L
15	SELENOS
15	SELENOT
15	SERPING1
15	SETD6
15	SH3BP2
15	SH3GLB1
15	SIPA1L2
15	SLC11A2
15	SLC1A5
15	SLC25A37
15	SLC25A44
15	SLC31A2
15	SLC35B1
15	SLC35F2
15	SLC39A1
15	SLC52A2
15	SNTB1
15	SP100
15	SPRYD4
15	SPTBN5
15	SQOR
15	STEAP3
15	STK3
15	STOM
15	SUSD6
15	TAF1D
15	TAP2
15	TCERG1
15	TCIRG1
15	TDG
15	TG
15	TIMM17A
15	TIMM44
15	TMC6
15	TMEM165
15	TMEM167A
15	TMEM181
15	TMEM214
15	TMEM50B
15	TNFAIP8
15	TNFRSF10C
15	TNFRSF1A
15	TNIP2
15	TPCN2
15	TRABD
15	TSPAN33
15	UBA2
15	UBE2J1
15	UBR1
15	UBTD2
15	URB1
15	URB2
15	URM1
15	UTP4
15	VAMP8
15	VPS37A
15	WDFY3
15	WDR43
15	WNK1
15	XRN2
15	ZBTB7B
15	ZNF121
15	ZNF511
15	ZNF787
16	ABHD14B
16	ABHD17A
16	ABTB1
16	ACAA1
16	ACADVL
16	ACAP3
16	ACHE
16	ACOT8
16	ACTR1B
16	ADAM11
16	ADAP1
16	ADCK5
16	ADGRB1
16	ADGRB2
16	ADRM1
16	AGAP2
16	AGPAT1
16	AHNAK2
16	AIFM3
16	ALDOC
16	AMIGO1
16	ANKRD13B
16	AP1G2
16	AP2M1
16	APBB1
16	APBB3
16	APC2
16	APEH
16	APOE
16	ARFGAP1
16	ARFRP1
16	ARL2BP
16	ARL4C
16	ARPP19
16	ASIC1
16	ASMTL
16	ASS1
16	ATP1B2
16	ATP6V0E2
16	ATP6V1E1
16	B4GALNT4
16	B4GAT1
16	B9D1
16	BABAM1
16	BAD
16	BAIAP3
16	BAP1
16	BCAN
16	BCL2L2
16	BEGAIN
16	BHLHE40
16	BOP1
16	BRICD5
16	BRSK1
16	BRSK2
16	BSG
16	C11orf68
16	C1orf216
16	C2CD4C
16	C3orf18
16	C8orf82
16	CA11
16	CACNB3
16	CADM4
16	CAMK1G
16	CAMKV
16	CAPNS1
16	CARD19
16	CARNS1
16	CBARP
16	CBX6
16	CCDC184
16	CCNA1
16	CD2BP2
16	CDK5
16	CDK5R2
16	CDKN2D
16	CELF3
16	CEND1
16	CENPT
16	CERS1
16	CGREF1
16	CHD5
16	CHN1
16	CHRD
16	CIRBP
16	CLIP3
16	CNIH2
16	CNTNAP1
16	COL5A3
16	CORO6
16	CPLX1
16	CPNE6
16	CRIP2
16	CTDNEP1
16	CTXN1
16	CYB561D2
16	CYP46A1
16	DAGLA
16	DBNDD1
16	DBP
16	DCAF8
16	DDA1
16	DDX51
16	DENND6B
16	DGAT1
16	DGKQ
16	DHRS11
16	DIRAS1
16	DMTN
16	DNAJA2
16	DNAJB2
16	DNM1
16	DOC2A
16	DTX3
16	DUSP8
16	DYNLL2
16	EEF2
16	EGFL7
16	EME2
16	ENC1
16	ENO2
16	EXTL1
16	FAAH
16	FAAP100
16	FAIM2
16	FAM131A
16	FBLL1
16	FBXL15
16	FBXO44
16	FBXW5
16	FGF17
16	FNDC10
16	FNDC9
16	FSD1
16	FXYD6
16	FXYD7
16	G6PC3
16	GABRA5
16	GABRD
16	GAS2L1
16	GCAT
16	GDI1
16	GEMIN7
16	GJB6
16	GLI4
16	GLMP
16	GNAZ
16	GNG4
16	GOLGA7B
16	GOT1
16	GPC1
16	GPR27
16	GPX3
16	GRIN1
16	HAGHL
16	HAPLN2
16	HDDC3
16	HES4
16	HPCA
16	HRH3
16	HSPB3
16	HTRA2
16	ICAM5
16	IDH3B
16	IDH3G
16	IDS
16	IGSF8
16	IL11RA
16	IL17D
16	IMPDH2
16	ITGA7
16	ITPKA
16	JMJD8
16	JPT1
16	KAT2A
16	KCNAB2
16	KCNF1
16	KCNH3
16	KCNIP2
16	KCNQ2
16	KCNT1
16	KCTD17
16	KEAP1
16	KIF5A
16	KIFC2
16	KLC1
16	KLC2
16	KLHDC9
16	KNDC1
16	L1CAM
16	LCNL1
16	LGI4
16	LMF2
16	LRFN4
16	LRRC14
16	LRRC24
16	LRRC73
16	LRTM2
16	LSM1
16	LSM5
16	LTBP4
16	LYNX1
16	MAF1
16	MAGEF1
16	MAP1A
16	MAP1B
16	MAPK11
16	MAPK12
16	MAPK3
16	MAPK8IP1
16	MAPRE3
16	MAZ
16	MCRIP2
16	MCRS1
16	METRN
16	MFSD10
16	MFSD3
16	MIB2
16	MICALL2
16	MOSPD3
16	MRPL28
16	MRPS2
16	MT.ND3
16	NAA10
16	NAPB
16	NAT14
16	NAT8L
16	NCAPH2
16	NCDN
16	NDRG4
16	NDUFV1
16	NECAB2
16	NECAB3
16	NKAIN4
16	NLGN3
16	NPDC1
16	NPEPL1
16	NRGN
16	NRSN2
16	NSMF
16	OBSL1
16	OLFM1
16	P4HTM
16	PANX2
16	PAX6
16	PDCL
16	PDE2A
16	PDK2
16	PDZD4
16	PFKL
16	PHF24
16	PHYHIP
16	PIANP
16	PIDD1
16	PINK1
16	PIP4K2C
16	PITHD1
16	PITPNM1
16	PJA1
16	PKD1
16	PLK2
16	PLPPR2
16	PNCK
16	PNMA3
16	PNMA8A
16	PNMA8C
16	POLR2G
16	PPOX
16	PPP1R3C
16	PPP1R9B
16	PRKAR1B
16	PRPF19
16	PRPS1
16	PRR36
16	PRRT1
16	PRRT2
16	PSD
16	PSMG4
16	PTN
16	PTOV1
16	PTPRN
16	QTRT1
16	RAB11B
16	RAB26
16	RAB4B
16	RAB6B
16	RABGGTA
16	RAP1GAP
16	RASD1
16	RASL10B
16	RASL11B
16	RBM42
16	REEP2
16	RELL2
16	RETREG2
16	RFNG
16	RGS11
16	RHBDL1
16	RIMS3
16	RING1
16	RNF112
16	RNF182
16	RNF208
16	ROBO3
16	RPH3A
16	RTN4R
16	RTN4RL2
16	RUNDC3A
16	RUSC1
16	RUVBL2
16	SBF1
16	SCN3B
16	SCN4B
16	SCRN2
16	SCRT1
16	SDC3
16	SDF4
16	SH3GLB2
16	SHC2
16	SHF
16	SHISA4
16	SLC17A7
16	SLC22A17
16	SLC25A11
16	SLC25A6
16	SLC27A3
16	SLC30A3
16	SLC39A3
16	SLC39A7
16	SLC45A1
16	SLC6A7
16	SLC8A2
16	SMIM10L2A
16	SMPD1
16	SNAPIN
16	SNCB
16	SOHLH1
16	SOX15
16	SPATA20
16	SPEF1
16	SPEG
16	SPPL2B
16	SPRYD3
16	SRM
16	SSU72
16	STK25
16	STMN3
16	STUB1
16	STX1A
16	STX1B
16	STXBP1
16	SULT4A1
16	SURF1
16	SYN1
16	SYNC
16	SYNGR1
16	SYNPO
16	SYT5
16	SYVN1
16	TAF1C
16	TBL3
16	TBR1
16	TLE2
16	TM7SF2
16	TMEM132A
16	TMEM145
16	TMEM151A
16	TMEM9
16	TMEM91
16	TNFRSF14
16	TOR2A
16	TRAF7
16	TRMT2A
16	TRMT61A
16	TSC22D3
16	TSPYL2
16	TSPYL5
16	TUBB4A
16	TUBG1
16	TUSC2
16	UBL4A
16	UBQLN2
16	UCN
16	ULK3
16	UNC5A
16	UQCRC1
16	VGF
16	VPS28
16	VTI1B
16	WDR18
16	YIPF2
16	YIPF3
16	YPEL4
16	YWHAG
16	ZBTB18
16	ZFAND2B
16	ZFPM1
16	ZNF414
16	ZNF512B
16	ZNF513
16	ZNF598
16	ZNF622
17	ABL2
17	ACER3
17	ACSL1
17	ADAMTSL4
17	ADGRE1
17	ADGRE2
17	AGFG1
17	B4GALT5
17	BATF
17	BCL3
17	BTBD19
17	CCDC65
17	CD14
17	CD93
17	CEBPB
17	CFTR
17	CISH
17	COLGALT1
17	CSF2RB
17	DACT1
17	DDIT4
17	DDX21
17	DSE
17	FBXL5
17	FERMT3
17	FGR
17	FLVCR2
17	FPR2
17	GOLGA4
17	GOLPH3
17	GPR84
17	HEATR3
17	HMOX1
17	IL4R
17	ITGAV
17	KCNN4
17	LACTB
17	LAIR1
17	LILRB3
17	LIMK2
17	LMNB1
17	LPCAT3
17	MAFB
17	MFF
17	MTHFD2
17	MYD88
17	NFE2L3
17	PDGFA
17	PGS1
17	PLK3
17	PLSCR1
17	PLTP
17	POSTN
17	PPIF
17	PPRC1
17	PROS1
17	PRR5.ARHGAP8
17	PTPN1
17	PTPN2
17	PXN
17	RANBP9
17	RNF149
17	RRBP1
17	RUNX1
17	SBNO2
17	SCO2
17	SEC24D
17	SERPINB1
17	SH2B2
17	SLC11A1
17	SLC1A3
17	SLC20A1
17	SLC2A3
17	SLC31A1
17	SLC7A1
17	SOCS3
17	SPP1
17	STAT3
17	SYNE3
17	TAP1
17	TES
17	TLR2
17	TMBIM1
17	TMEM39A
17	TNFSF14
17	TXLNA
17	TYMP
17	UGCG
17	USB1
17	XBP1
17	YBX3
18	ACIN1
18	AGO1
18	ALDH1L2
18	ALKBH3
18	AP4B1
18	APLF
18	ARL14EP
18	ARMC2
18	ARMC6
18	ASB14
18	BMS1
18	BPHL
18	C3orf38
18	CAB39L
18	CCDC13
18	CD320
18	CD40
18	CHCHD6
18	CIDEB
18	CPNE1
18	CPSF4
18	CREBZF
18	CTCF
18	CYB561A3
18	CYB5B
18	DCP1A
18	DHX33
18	DPP9
18	ENOX2
18	ENTPD5
18	EVA1C
18	EXTL2
18	FAM120C
18	FAM193B
18	FANCI
18	FBXL19
18	FLVCR1
18	FOLH1
18	FRA10AC1
18	FUT11
18	GANAB
18	GBP3
18	GCNA
18	GEMIN8
18	GFPT2
18	GNL3L
18	GOLIM4
18	GPR135
18	GTF3C1
18	HACD2
18	HMGA1
18	IL12RB1
18	IL15RA
18	KRR1
18	L3MBTL3
18	LENG1
18	LGALS8
18	LIG1
18	METTL6
18	MFN1
18	MPLKIP
18	MTMR9
18	NADK2
18	NAPEPLD
18	NAT10
18	NAXD
18	NONO
18	NPR2
18	NRL
18	NT5C3A
18	NUDT9
18	NUP205
18	NUS1
18	OSGEP
18	PCBD2
18	PCYT1A
18	PDCD11
18	PFKFB4
18	PHKA2
18	PIGG
18	PLA2R1
18	PLGRKT
18	PMP22
18	POLR1A
18	POR
18	PPM1B
18	PRDM4
18	PTBP1
18	RBM14
18	RECQL
18	RPUSD4
18	SART1
18	SEC23IP
18	SEC24A
18	SFXN1
18	SHQ1
18	SIN3A
18	SLC12A8
18	SLC37A3
18	SLC39A14
18	SLK
18	SMG9
18	SMUG1
18	SNW1
18	SP1
18	SPPL2A
18	SRD5A1
18	STAM
18	STIM2
18	STRN4
18	TBRG1
18	TEP1
18	TERF2
18	TGFBRAP1
18	TMCO4
18	TMEM101
18	TMEM161B
18	TMEM254
18	TMEM267
18	TMEM63A
18	TRAF5
18	TRIM16
18	TRIM69
18	TSEN15
18	TSPAN17
18	TTI1
18	UCK2
18	UCP2
18	UFD1
18	UNG
18	UPF1
18	URI1
18	VAMP5
18	VRK1
18	VRK2
18	XRN1
18	ZBED1
18	ZBED5
18	ZBTB25
18	ZC3H14
18	ZDHHC4
18	ZFAND4
18	ZNF260
18	ZNF329
18	ZNF333
18	ZNF383
18	ZNF398
18	ZNF555
18	ZNF608
18	ZNF682
18	ZNF711
18	ZNF746
18	ZNF92
18	ZPBP
19	AFF4
19	ALPK3
19	APAF1
19	ARHGAP25
19	ARID5A
19	ATP6V0E1
19	AZIN1
19	B2M
19	B3GNT5
19	B4GALT1
19	BCAS2
19	BID
19	BTG2
19	BTG3
19	C3AR1
19	C5AR1
19	C5AR2
19	C9orf72
19	CCNH
19	CD300LB
19	CD55
19	CD69
19	CD83
19	CD86
19	CEBPD
19	CH25H
19	CHMP1B
19	CHSY1
19	CLDN1
19	CLEC7A
19	CMTM6
19	CREM
19	CSF1
19	CSF2RA
19	CSRNP1
19	CTSB
19	CXCR4
19	CYTIP
19	DAGLB
19	DDX27
19	DDX3Y
19	DHX34
19	DLEU7
19	DUSP1
19	DYNLT1
19	EGR1
19	EGR2
19	EGR3
19	ELF1
19	ELL2
19	EPOR
19	ERCC1
19	ETF1
19	ETNK1
19	ETV3
19	EVI2A
19	EZR
19	FAM53C
19	FAS
19	FCAR
19	FCGR2A
19	FDFT1
19	FOS
19	FOSL2
19	GABARAPL1
19	GADD45B
19	GLA
19	GNA13
19	GPAT3
19	GPR183
19	GPX1
19	GRAMD1B
19	GTPBP1
19	GZF1
19	HERPUD1
19	HIF1A
19	HLA.DQA1
19	HLA.DQB2
19	HNRNPU
19	HOMER1
19	IDI1
19	IER2
19	IFRD1
19	IKBIP
19	IL3RA
19	INHBA
19	INSIG1
19	IPCEF1
19	IRAK2
19	IRS2
19	ITGB5
19	ITSN1
19	IVNS1ABP
19	JAG1
19	JDP2
19	JOSD1
19	JUNB
19	KDM6B
19	KLF6
19	LDLR
19	LGMN
19	LIMS1
19	LONRF1
19	LPCAT1
19	LYVE1
19	MALT1
19	MAPKAPK2
19	MAT2A
19	MCC
19	MCF2L2
19	MCL1
19	MEF2D
19	MOB3C
19	MRC1
19	MSR1
19	MUSK
19	NAF1
19	NAPA
19	NEDD9
19	NFAM1
19	NFE2L2
19	NFKBID
19	NKD1
19	NLRP4
19	NR4A2
19	NR4A3
19	NRARP
19	OLR1
19	OPRM1
19	OSM
19	OTUD1
19	PADI2
19	PAG1
19	PDE3B
19	PDGFB
19	PEAK1
19	PER1
19	PLA2G4A
19	PLAT
19	PLAUR
19	PRDM1
19	PRMT9
19	PTGER4
19	PTGS2
19	RAB20
19	RAB7B
19	RANBP2
19	RASA1
19	RASGEF1B
19	RASSF5
19	RBKS
19	REL
19	RGS1
19	RGS2
19	RGS9
19	RHOB
19	RILPL2
19	RIN2
19	RNF122
19	RPA2
19	RPL36A.HNRNPH2
19	RUBCN
19	SAMSN1
19	SC5D
19	SDCBP
19	SERPINB9
19	SGK1
19	SIAH2
19	SKIL
19	SLC15A4
19	SLC19A2
19	SNAPC1
19	SPRY1
19	SRA1
19	SRGN
19	ST3GAL1
19	ST6GAL1
19	STX11
19	SWAP70
19	SYAP1
19	TAL1
19	TBC1D7
19	TFRC
19	TGIF1
19	THEMIS2
19	TM2D2
19	TMEM184C
19	TMEM52B
19	TMOD1
19	TNFRSF1B
19	TP53BP2
19	TP53INP2
19	TPM4
19	TRA2B
19	TSC22D2
19	TTYH3
19	TXLNB
19	TYROBP
19	UBAC2
19	USP36
19	UST
19	VEGFA
19	VPS26A
19	VPS37B
19	ZC3HAV1
19	ZFP36
19	ZNF331
20	AAGAB
20	AASDH
20	AATK
20	ABCA7
20	ABCA8
20	ABCB1
20	ABCB10
20	ABCB4
20	ABCB7
20	ABCB8
20	ABCC1
20	ABCC10
20	ABCC8
20	ABCD4
20	ABCE1
20	ABCF2
20	ABCF3
20	ABCG1
20	ABCG2
20	ABHD10
20	ABHD12
20	ABHD12B
20	ABHD13
20	ABHD17B
20	ABHD17C
20	ABHD18
20	ABHD2
20	ABHD3
20	ABHD5
20	ABHD6
20	ABHD8
20	ABI3
20	ABL1
20	ACAA2
20	ACACA
20	ACAD9
20	ACADM
20	ACADSB
20	ACAT1
20	ACBD5
20	ACER2
20	ACLY
20	ACO2
20	ACOX1
20	ACOX3
20	ACP1
20	ACP2
20	ACSBG2
20	ACSF3
20	ACSL3
20	ACSS2
20	ACTL6A
20	ACTN4
20	ACTR10
20	ACTR1A
20	ACTR3B
20	ACTR3C
20	ACTR5
20	ACTR6
20	ACTR8
20	ACVR1
20	ADAM15
20	ADAM19
20	ADAM32
20	ADAMTS17
20	ADAMTS9
20	ADAMTSL3
20	ADAR
20	ADAT1
20	ADAT2
20	ADCK2
20	ADCY10
20	ADCY3
20	ADCY6
20	ADD1
20	ADGRA1
20	ADGRF5
20	ADGRG5
20	ADGRV1
20	ADIPOR1
20	ADNP
20	ADPGK
20	ADRA1A
20	AEBP1
20	AFAP1
20	AFDN
20	AFF1
20	AFG3L2
20	AGAP4
20	AGAP6
20	AGBL3
20	AGFG2
20	AGGF1
20	AGK
20	AGO3
20	AGO4
20	AGPAT3
20	AGPS
20	AGTPBP1
20	AGTRAP
20	AHCTF1
20	AHCY
20	AHNAK
20	AIDA
20	AIFM1
20	AIMP1
20	AK2
20	AK3
20	AK6
20	AKAP1
20	AKAP10
20	AKAP3
20	AKAP7
20	AKAP8
20	AKIRIN1
20	AKIRIN2
20	AKNA
20	AKR1A1
20	AKR1B1
20	AKT2
20	AKTIP
20	ALAD
20	ALCAM
20	ALDH16A1
20	ALDH1A1
20	ALDH3A2
20	ALDH9A1
20	ALG11
20	ALG5
20	ALG8
20	ALKBH1
20	ALKBH4
20	ALKBH5
20	ALKBH8
20	ALMS1
20	ALOX5AP
20	ALPK1
20	AMACR
20	AMBRA1
20	AMFR
20	AMMECR1L
20	AMN1
20	AMOT
20	AMOTL1
20	ANAPC1
20	ANAPC10
20	ANAPC16
20	ANAPC4
20	ANAPC5
20	ANAPC7
20	ANGPT2
20	ANK1
20	ANKDD1B
20	ANKFY1
20	ANKHD1
20	ANKHD1.EIF4EBP3
20	ANKIB1
20	ANKLE1
20	ANKLE2
20	ANKMY1
20	ANKMY2
20	ANKRD10
20	ANKRD13A
20	ANKRD13C
20	ANKRD13D
20	ANKRD17
20	ANKRD24
20	ANKRD26
20	ANKRD27
20	ANKRD34A
20	ANKRD36
20	ANKRD37
20	ANKRD42
20	ANKRD46
20	ANKRD49
20	ANKRD50
20	ANKRD52
20	ANKRD6
20	ANKS3
20	ANKUB1
20	ANLN
20	ANO10
20	ANO2
20	ANOS1
20	ANP32A
20	ANTXR1
20	ANXA7
20	AP1AR
20	AP1M1
20	AP1S3
20	AP2A1
20	AP2A2
20	AP2B1
20	AP3B1
20	AP3D1
20	AP3M1
20	AP3S1
20	AP4E1
20	AP4S1
20	APEX1
20	APH1A
20	APLP2
20	APMAP
20	APOO
20	APOOL
20	APPBP2
20	APPL1
20	APTX
20	AQP11
20	AQR
20	ARAP1
20	ARAP2
20	ARCN1
20	ARFGAP2
20	ARFGEF1
20	ARFGEF2
20	ARGLU1
20	ARHGAP1
20	ARHGAP12
20	ARHGAP20
20	ARHGAP23
20	ARHGAP29
20	ARHGAP30
20	ARHGAP4
20	ARHGAP42
20	ARHGAP45
20	ARHGAP9
20	ARHGEF1
20	ARHGEF10
20	ARHGEF11
20	ARHGEF12
20	ARHGEF2
20	ARHGEF40
20	ARID1A
20	ARID2
20	ARID3A
20	ARL1
20	ARL10
20	ARL13B
20	ARL3
20	ARL6IP5
20	ARMC1
20	ARMC7
20	ARMC8
20	ARMCX5.GPRASP2
20	ARMT1
20	ARRB2
20	ARSB
20	ARSG
20	ARSK
20	ARV1
20	ASB1
20	ASB13
20	ASB7
20	ASCC1
20	ASCC2
20	ASCC3
20	ASF1A
20	ASH2L
20	ASL
20	ASNSD1
20	ASPA
20	ASPH
20	ASPSCR1
20	ASRGL1
20	ASTE1
20	ASXL2
20	ATAD1
20	ATAD2B
20	ATAD3A
20	ATAD3B
20	ATAD5
20	ATAT1
20	ATF2
20	ATF6B
20	ATF7
20	ATF7IP2
20	ATG12
20	ATG16L1
20	ATG2A
20	ATG2B
20	ATG3
20	ATG4A
20	ATG4B
20	ATG4D
20	ATG7
20	ATIC
20	ATL3
20	ATP10A
20	ATP10B
20	ATP11C
20	ATP13A2
20	ATP13A4
20	ATP2B4
20	ATP6V0A2
20	ATP6V0D1
20	ATP6V1A
20	ATP6V1E2
20	ATP7B
20	ATP8B1
20	ATP9B
20	ATPAF1
20	ATPAF2
20	ATR
20	ATXN1
20	ATXN10
20	ATXN1L
20	ATXN2
20	ATXN2L
20	ATXN7L3
20	ATXN7L3B
20	AVEN
20	AVIL
20	AVL9
20	AXIN1
20	AZI2
20	B3GALNT2
20	B3GAT2
20	B3GAT3
20	B3GNTL1
20	BABAM2
20	BACE1
20	BAG1
20	BAG2
20	BAG4
20	BAG5
20	BAHCC1
20	BAIAP2L2
20	BANP
20	BAZ1B
20	BAZ2A
20	BBIP1
20	BBS7
20	BCAP31
20	BCAR3
20	BCAS4
20	BCAT2
20	BCCIP
20	BCL10
20	BCL11B
20	BCL2L13
20	BCL2L14
20	BCL2L2.PABPN1
20	BCL7C
20	BCOR
20	BCORL1
20	BCR
20	BDH1
20	BDP1
20	BECN1
20	BFAR
20	BHLHE41
20	BICD1
20	BICD2
20	BIRC2
20	BIVM
20	BLM
20	BLMH
20	BLZF1
20	BMI1
20	BMPR1A
20	BMPR1B
20	BMPR2
20	BNIP1
20	BOC
20	BORA
20	BORCS5
20	BORCS7.ASMT
20	BPNT1
20	BRAP
20	BRAT1
20	BRCA2
20	BRCC3
20	BRD1
20	BRD4
20	BRD7
20	BRD8
20	BRD9
20	BRF1
20	BRI3
20	BRI3BP
20	BRPF3
20	BRWD3
20	BSDC1
20	BTBD1
20	BTBD10
20	BTBD2
20	BTBD7
20	BTF3L4
20	BTG1
20	BTK
20	BTN2A1
20	BTN2A2
20	BTRC
20	BUB3
20	BUD13
20	BUD23
20	BUD31
20	BZW2
20	C10orf88
20	C10orf90
20	C11orf24
20	C11orf58
20	C11orf96
20	C12orf43
20	C14orf119
20	C14orf93
20	C16orf87
20	C17orf67
20	C17orf75
20	C18orf21
20	C19orf12
20	C19orf25
20	C19orf38
20	C1D
20	C1GALT1
20	C1QTNF7
20	C1RL
20	C1S
20	C1orf131
20	C1orf159
20	C1orf43
20	C1orf52
20	C1orf54
20	C2
20	C2CD2L
20	C2CD3
20	C2orf42
20	C2orf69
20	C2orf88
20	C3
20	C3orf33
20	C3orf62
20	C3orf70
20	C5orf22
20	C6orf89
20	C7orf50
20	C8orf76
20	C9orf153
20	C9orf85
20	CA12
20	CA13
20	CAAP1
20	CAB39
20	CABIN1
20	CAD
20	CALCOCO2
20	CALD1
20	CAMK2D
20	CAMKMT
20	CAMSAP1
20	CAMTA2
20	CAND2
20	CANT1
20	CANX
20	CAP1
20	CAPG
20	CAPN1
20	CAPN10
20	CAPN15
20	CAPN7
20	CAPRIN1
20	CAPRIN2
20	CAPZA2
20	CARD6
20	CARD9
20	CARHSP1
20	CARMIL1
20	CARS2
20	CASC3
20	CASK
20	CASP2
20	CASP3
20	CASP7
20	CASP8
20	CAST
20	CASTOR2
20	CATSPER2
20	CATSPERG
20	CAVIN2
20	CBFA2T3
20	CBFB
20	CBLL1
20	CBX3
20	CBY1
20	CC2D1B
20	CC2D2A
20	CCAR1
20	CCAR2
20	CCDC102B
20	CCDC12
20	CCDC126
20	CCDC137
20	CCDC14
20	CCDC142
20	CCDC149
20	CCDC159
20	CCDC174
20	CCDC186
20	CCDC22
20	CCDC25
20	CCDC39
20	CCDC40
20	CCDC43
20	CCDC47
20	CCDC57
20	CCDC59
20	CCDC62
20	CCDC66
20	CCDC69
20	CCDC85C
20	CCDC88B
20	CCDC92
20	CCDC93
20	CCM2
20	CCNB1IP1
20	CCNC
20	CCND1
20	CCNDBP1
20	CCNG1
20	CCNJ
20	CCNL2
20	CCNT1
20	CCNT2
20	CCNYL1
20	CCP110
20	CCPG1
20	CCSER2
20	CCT2
20	CCT3
20	CCT4
20	CCT5
20	CCT8
20	CCZ1
20	CCZ1B
20	CD164
20	CD22
20	CD276
20	CD2AP
20	CD46
20	CD53
20	CD5L
20	CD72
20	CD81
20	CD82
20	CD96
20	CD99
20	CD99L2
20	CDADC1
20	CDC123
20	CDC16
20	CDC23
20	CDC27
20	CDC37L1
20	CDC40
20	CDC42BPB
20	CDC42EP3
20	CDC5L
20	CDH26
20	CDK10
20	CDK12
20	CDK13
20	CDK16
20	CDK17
20	CDK2AP2
20	CDK4
20	CDK5RAP1
20	CDK6
20	CDK7
20	CDK8
20	CDKN2AIP
20	CDR2
20	CDV3
20	CDYL
20	CEACAM21
20	CEBPG
20	CEBPZOS
20	CELF1
20	CELF2
20	CELSR1
20	CELSR2
20	CEMIP
20	CENPB
20	CENPC
20	CEP104
20	CEP135
20	CEP152
20	CEP164
20	CEP250
20	CEP295
20	CEP350
20	CEP41
20	CEP57
20	CEP63
20	CEP76
20	CEP78
20	CEP83
20	CEP85
20	CEP85L
20	CEP89
20	CEP95
20	CEPT1
20	CERCAM
20	CERS4
20	CERS5
20	CES2
20	CFAP161
20	CFAP97
20	CFDP1
20	CGGBP1
20	CGRRF1
20	CHAF1A
20	CHAMP1
20	CHCHD3
20	CHD1L
20	CHD4
20	CHD7
20	CHEK2
20	CHFR
20	CHGB
20	CHID1
20	CHKA
20	CHM
20	CHMP1A
20	CHMP2B
20	CHMP6
20	CHMP7
20	CHP1
20	CHPF2
20	CHRDL1
20	CHRM5
20	CHST12
20	CHST15
20	CHTF8
20	CHTOP
20	CHUK
20	CHURC1
20	CHURC1.FNTB
20	CIAO1
20	CIAPIN1
20	CIITA
20	CISD2
20	CIZ1
20	CKAP4
20	CKAP5
20	CKMT2
20	CLASRP
20	CLCC1
20	CLCN3
20	CLCN6
20	CLCN7
20	CLDN12
20	CLDN15
20	CLDN5
20	CLEC16A
20	CLEC19A
20	CLEC1A
20	CLINT1
20	CLIP1
20	CLIP2
20	CLK2
20	CLK3
20	CLK4
20	CLMN
20	CLMP
20	CLN3
20	CLN5
20	CLN6
20	CLNK
20	CLNS1A
20	CLOCK
20	CLPB
20	CLPX
20	CLSPN
20	CLTA
20	CLUH
20	CMAS
20	CMBL
20	CMC2
20	CMIP
20	CMPK1
20	CMSS1
20	CMTM3
20	CMTM8
20	CNBP
20	CNDP1
20	CNDP2
20	CNGB3
20	CNIH3
20	CNNM4
20	CNOT10
20	CNOT2
20	CNOT4
20	CNOT6
20	CNOT6L
20	CNOT7
20	CNOT8
20	CNP
20	CNPY2
20	CNRIP1
20	CNST
20	CNTROB
20	COA1
20	COG2
20	COG3
20	COG5
20	COG7
20	COIL
20	COL18A1
20	COL23A1
20	COL24A1
20	COL27A1
20	COL4A1
20	COL4A2
20	COL6A6
20	COLQ
20	COMMD1
20	COMMD10
20	COMMD2
20	COMMD5
20	COMMD7
20	COMMD8
20	COMMD9
20	COMT
20	COPB2
20	COPG1
20	COPS2
20	COPS3
20	COPS4
20	COPS5
20	COPZ1
20	COQ2
20	COQ4
20	COQ5
20	COQ6
20	COQ8B
20	COQ9
20	CORO1A
20	CORO1C
20	CORO7
20	COTL1
20	COX10
20	COX11
20	COX19
20	CPEB3
20	CPNE5
20	CPNE9
20	CPPED1
20	CPQ
20	CPSF2
20	CPSF3
20	CPSF6
20	CPSF7
20	CPT1A
20	CR1L
20	CRACR2A
20	CRCP
20	CREB3L2
20	CREB5
20	CRELD1
20	CRKL
20	CRLS1
20	CRNKL1
20	CROCC
20	CRTC1
20	CRY2
20	CRYBG3
20	CRYGS
20	CRYL1
20	CRYZL1
20	CSAD
20	CSE1L
20	CSGALNACT2
20	CSK
20	CSNK1G1
20	CSNK1G2
20	CSNK1G3
20	CSNK2A1
20	CSNK2A2
20	CSPP1
20	CSRNP2
20	CSTF1
20	CSTF3
20	CTC1
20	CTDSP2
20	CTDSPL2
20	CTNNBL1
20	CTNND1
20	CTNS
20	CTR9
20	CTSD
20	CTSH
20	CTTNBP2
20	CTU1
20	CUL2
20	CUL3
20	CUL4A
20	CUL5
20	CUL7
20	CUL9
20	CUTC
20	CWC25
20	CWC27
20	CWF19L1
20	CXXC1
20	CXXC4
20	CXorf38
20	CYB561D1
20	CYB5A
20	CYB5D2
20	CYB5R1
20	CYB5R3
20	CYB5RL
20	CYBA
20	CYLD
20	CYP20A1
20	CYP27C1
20	CYP4X1
20	CYTH2
20	DAB2
20	DAB2IP
20	DACH2
20	DAG1
20	DALRD3
20	DAP
20	DAP3
20	DAPP1
20	DARS2
20	DAZAP1
20	DBF4
20	DBF4B
20	DBNL
20	DBR1
20	DBT
20	DCAF1
20	DCAF10
20	DCAF11
20	DCAF15
20	DCAF16
20	DCAF5
20	DCAF6
20	DCAF7
20	DCAKD
20	DCBLD1
20	DCBLD2
20	DCDC2
20	DCLRE1A
20	DCLRE1C
20	DCN
20	DCP1B
20	DCP2
20	DCPS
20	DCTN2
20	DCTN4
20	DCTN5
20	DCUN1D1
20	DCUN1D5
20	DDB1
20	DDHD1
20	DDI2
20	DDX1
20	DDX10
20	DDX11
20	DDX19A
20	DDX20
20	DDX31
20	DDX39B
20	DDX42
20	DDX46
20	DDX49
20	DDX5
20	DDX50
20	DDX52
20	DDX55
20	DDX6
20	DDX60L
20	DEAF1
20	DEDD
20	DEF6
20	DEF8
20	DEGS2
20	DEK
20	DENND1A
20	DENND1B
20	DENND1C
20	DENND4B
20	DENND4C
20	DENND6A
20	DENR
20	DEPDC5
20	DERL1
20	DESI1
20	DESI2
20	DET1
20	DFFA
20	DFFB
20	DGCR2
20	DGCR8
20	DGKA
20	DGUOK
20	DHDDS
20	DHFR
20	DHODH
20	DHRS1
20	DHRS7B
20	DHRSX
20	DHX16
20	DHX29
20	DHX30
20	DHX32
20	DHX35
20	DHX36
20	DHX38
20	DHX40
20	DHX57
20	DHX8
20	DIAPH1
20	DIDO1
20	DIMT1
20	DIO2
20	DIS3
20	DIS3L
20	DIS3L2
20	DISC1
20	DISP1
20	DKK2
20	DLAT
20	DLG1
20	DLG5
20	DMPK
20	DMTF1
20	DMXL2
20	DNA2
20	DNAAF2
20	DNAH1
20	DNAJB12
20	DNAJB14
20	DNAJC1
20	DNAJC11
20	DNAJC13
20	DNAJC15
20	DNAJC16
20	DNAJC18
20	DNAJC2
20	DNAJC21
20	DNAJC24
20	DNAJC27
20	DNAJC4
20	DNAJC7
20	DNAJC9
20	DNHD1
20	DNMT1
20	DNPEP
20	DNTTIP1
20	DNTTIP2
20	DOCK1
20	DOCK11
20	DOCK2
20	DOCK5
20	DOCK7
20	DOHH
20	DOLPP1
20	DPCD
20	DPF2
20	DPF3
20	DPH5
20	DPH7
20	DPP7
20	DPP8
20	DPY19L3
20	DPY19L4
20	DPY30
20	DPYD
20	DPYSL4
20	DR1
20	DRAM1
20	DRC3
20	DRG1
20	DRG2
20	DROSHA
20	DSC2
20	DSN1
20	DSTYK
20	DTD1
20	DTX2
20	DTYMK
20	DUOX1
20	DUOXA1
20	DUS2
20	DUSP14
20	DUSP3
20	DVL3
20	DYM
20	DYNC1LI1
20	DYRK1A
20	DYRK2
20	DZANK1
20	DZIP1L
20	E2F6
20	E4F1
20	EAF1
20	EAF2
20	EARS2
20	EBF1
20	EBLN2
20	EBP
20	EBPL
20	ECD
20	ECHDC1
20	ECI2
20	ECM1
20	ECM2
20	ECSIT
20	ECT2
20	EDC3
20	EDEM2
20	EDEM3
20	EDRF1
20	EED
20	EEF1A1
20	EEF1AKMT2
20	EEF1D
20	EEF2K
20	EEFSEC
20	EFCAB14
20	EFCAB2
20	EFCAB7
20	EFEMP1
20	EFHD1
20	EFL1
20	EFR3A
20	EFTUD2
20	EGLN1
20	EGLN2
20	EGLN3
20	EHBP1L1
20	EHMT1
20	EI24
20	EIF1AY
20	EIF2AK2
20	EIF2AK4
20	EIF2B1
20	EIF2B2
20	EIF2B3
20	EIF2B4
20	EIF2B5
20	EIF2S1
20	EIF2S3
20	EIF3A
20	EIF3B
20	EIF3D
20	EIF3E
20	EIF3F
20	EIF3L
20	EIF3M
20	EIF4E2
20	EIF4EBP1
20	EIF4EBP2
20	EIF4ENIF1
20	EIF4G3
20	EIF4H
20	EIF5
20	ELAC1
20	ELAC2
20	ELAVL1
20	ELF2
20	ELF4
20	ELFN1
20	ELFN2
20	ELK4
20	ELMO2
20	ELMOD2
20	ELMOD3
20	ELOA
20	ELP3
20	EMC1
20	EMC10
20	EMC2
20	EMC3
20	EMC8
20	EMG1
20	EMILIN1
20	EML2
20	EML3
20	EMSY
20	ENDOD1
20	ENDOV
20	ENO4
20	ENOPH1
20	ENPP2
20	ENTPD4
20	ENTPD6
20	EOGT
20	EP400
20	EPAS1
20	EPB41
20	EPB41L4A
20	EPB42
20	EPC1
20	EPC2
20	EPHA10
20	EPM2A
20	EPN1
20	EPN2
20	EPS15
20	EPS15L1
20	EPS8
20	EPSTI1
20	ERAL1
20	ERC1
20	ERCC3
20	ERCC6
20	ERCC6L2
20	ERCC8
20	ERG
20	ERI3
20	ERICH1
20	ERLEC1
20	ERLIN1
20	ERMN
20	ERMP1
20	ERN1
20	ERO1A
20	ERO1B
20	ERP29
20	ESCO1
20	ESF1
20	ESR2
20	ESRP1
20	ESRRB
20	ESYT1
20	ETFA
20	ETFDH
20	ETFRF1
20	ETHE1
20	EVI5L
20	EWSR1
20	EXD3
20	EXOC2
20	EXOC3
20	EXOC5
20	EXOC6
20	EXOC7
20	EXOC8
20	EXOG
20	EXOSC1
20	EXOSC10
20	EXOSC2
20	EXOSC6
20	EXOSC7
20	EXOSC8
20	EXT1
20	EXT2
20	EYA3
20	EYA4
20	FADS1
20	FADS2
20	FADS3
20	FAF2
20	FAH
20	FAM114A2
20	FAM117A
20	FAM118B
20	FAM120A
20	FAM120AOS
20	FAM124A
20	FAM133B
20	FAM136A
20	FAM151B
20	FAM156A
20	FAM161A
20	FAM168A
20	FAM168B
20	FAM171A2
20	FAM174A
20	FAM184B
20	FAM193A
20	FAM199X
20	FAM204A
20	FAM20B
20	FAM217A
20	FAM219A
20	FAM219B
20	FAM220A
20	FAM221A
20	FAM222B
20	FAM228B
20	FAM234A
20	FAM3C
20	FAM53B
20	FAM83D
20	FAM8A1
20	FAM91A1
20	FAM98A
20	FAM98C
20	FAN1
20	FANCA
20	FANCC
20	FANCM
20	FANK1
20	FAR1
20	FAR2
20	FARS2
20	FARSB
20	FASN
20	FASTKD1
20	FAT1
20	FAXDC2
20	FBLN7
20	FBP1
20	FBRS
20	FBRSL1
20	FBXL18
20	FBXL3
20	FBXL7
20	FBXO17
20	FBXO28
20	FBXO3
20	FBXO30
20	FBXO31
20	FBXO36
20	FBXO38
20	FBXO41
20	FBXO42
20	FBXO46
20	FBXO5
20	FBXO7
20	FBXO9
20	FBXW10
20	FBXW2
20	FBXW7
20	FBXW8
20	FCHO1
20	FDX1
20	FECH
20	FEM1C
20	FERMT2
20	FGD1
20	FGD2
20	FGD6
20	FGF1
20	FGF13
20	FGFR1OP2
20	FIG4
20	FIP1L1
20	FITM2
20	FKBP15
20	FKBP3
20	FKRP
20	FKTN
20	FLAD1
20	FLCN
20	FLRT3
20	FMN1
20	FN1
20	FN3KRP
20	FNBP1
20	FNBP1L
20	FNBP4
20	FNDC3A
20	FNIP1
20	FNTA
20	FOXJ3
20	FOXK1
20	FOXN2
20	FOXRED2
20	FPGS
20	FREM1
20	FRK
20	FRMD3
20	FRS2
20	FRYL
20	FSCN1
20	FTSJ3
20	FUBP1
20	FUBP3
20	FUCA2
20	FUS
20	FUT8
20	FXN
20	FXR1
20	FXYD5
20	FYCO1
20	FYN
20	FZD5
20	FZD6
20	FZR1
20	G2E3
20	G3BP1
20	G3BP2
20	GAB2
20	GAB3
20	GABPB1
20	GALC
20	GALK2
20	GALNS
20	GALNT10
20	GALNT15
20	GALNT2
20	GALNT6
20	GALNT7
20	GALNT8
20	GALT
20	GAN
20	GAPVD1
20	GAR1
20	GAREM1
20	GART
20	GAS7
20	GAS8
20	GATAD2B
20	GATB
20	GATC
20	GBA2
20	GBE1
20	GBF1
20	GBGT1
20	GBP1
20	GCFC2
20	GCLC
20	GCLM
20	GCN1
20	GDAP2
20	GDF11
20	GDPD1
20	GEMIN2
20	GEMIN5
20	GEN1
20	GFM1
20	GFM2
20	GFOD2
20	GFPT1
20	GGA1
20	GGA2
20	GGA3
20	GGNBP2
20	GGPS1
20	GGT7
20	GID4
20	GIGYF2
20	GIN1
20	GIPC1
20	GIPC2
20	GK5
20	GLB1
20	GLDN
20	GLE1
20	GLG1
20	GLI3
20	GLIS3
20	GLO1
20	GLOD4
20	GLRX
20	GLRX3
20	GLT1D1
20	GLTP
20	GLYR1
20	GMDS
20	GMEB1
20	GMIP
20	GMNN
20	GMPR
20	GMPR2
20	GMPS
20	GNA11
20	GNA14
20	GNA15
20	GNAI1
20	GNAI2
20	GNB1L
20	GNG11
20	GNL2
20	GNPAT
20	GNPDA1
20	GNPDA2
20	GNPNAT1
20	GNPTG
20	GNS
20	GOLGA2
20	GOLGA3
20	GOLGA5
20	GOLGA8A
20	GOLGB1
20	GOLT1B
20	GON4L
20	GOPC
20	GORAB
20	GORASP1
20	GORASP2
20	GOSR1
20	GOSR2
20	GPAM
20	GPANK1
20	GPATCH1
20	GPATCH11
20	GPATCH2
20	GPATCH2L
20	GPATCH8
20	GPBP1L1
20	GPR107
20	GPR137
20	GPR155
20	GPR157
20	GPR160
20	GPR180
20	GPR85
20	GPR89A
20	GPR89B
20	GPSM3
20	GPT2
20	GREM2
20	GRIK1
20	GRIK3
20	GRIK5
20	GRIN2C
20	GRIN3A
20	GRIPAP1
20	GRK2
20	GRK6
20	GRM4
20	GRPEL2
20	GRSF1
20	GSDMB
20	GSK3B
20	GSKIP
20	GSPT1
20	GSR
20	GSS
20	GSTCD
20	GSTK1
20	GTDC1
20	GTF2E2
20	GTF2H1
20	GTF2H2
20	GTF2H2C
20	GTF2H3
20	GTF3A
20	GTF3C2
20	GTF3C3
20	GTF3C4
20	GTF3C5
20	GTF3C6
20	GTPBP10
20	GTPBP2
20	GTPBP3
20	GTPBP8
20	GUF1
20	GXYLT1
20	GYG1
20	GYS1
20	H6PD
20	HACD3
20	HACE1
20	HADHA
20	HADHB
20	HARS2
20	HAT1
20	HAUS2
20	HAUS3
20	HAUS6
20	HAUS8
20	HBS1L
20	HCFC1
20	HCLS1
20	HDAC1
20	HDAC10
20	HDAC2
20	HDAC3
20	HDAC6
20	HDAC7
20	HDGF
20	HDHD3
20	HDHD5
20	HEATR4
20	HEATR6
20	HEBP1
20	HEBP2
20	HECTD1
20	HECTD3
20	HECTD4
20	HEG1
20	HELB
20	HEMK1
20	HERC2
20	HERC4
20	HERC6
20	HHIPL1
20	HIBCH
20	HIF1AN
20	HIGD1B
20	HIKESHI
20	HINFP
20	HINT3
20	HIP1
20	HIPK1
20	HIRA
20	HIVEP3
20	HK1
20	HK2
20	HLA.DOA
20	HLCS
20	HM13
20	HMBOX1
20	HMCES
20	HMG20A
20	HMG20B
20	HMGCL
20	HMGCS1
20	HMGN1
20	HMGN4
20	HMGXB4
20	HNRNPA2B1
20	HNRNPA3
20	HNRNPD
20	HNRNPDL
20	HNRNPH3
20	HNRNPLL
20	HNRNPR
20	HNRNPUL1
20	HNRNPUL2
20	HOMER2
20	HOMEZ
20	HOOK2
20	HPRT1
20	HPS1
20	HPS4
20	HPSE
20	HPSE2
20	HS1BP3
20	HS2ST1
20	HS3ST1
20	HSCB
20	HSD17B12
20	HSD17B14
20	HSD17B3
20	HSD17B4
20	HSDL1
20	HSDL2
20	HSF1
20	HSF2
20	HTATIP2
20	HTR2B
20	HTR2C
20	HTT
20	HUS1
20	IARS2
20	ICE1
20	ID1
20	IDE
20	IDH1
20	IDH2
20	IDH3A
20	IDUA
20	IFI16
20	IFI27
20	IFITM3
20	IFT122
20	IFT140
20	IFT20
20	IFT43
20	IFT46
20	IFT52
20	IFT81
20	IGBP1
20	IGFBP7
20	IGHMBP2
20	IGSF21
20	IKBKB
20	IKZF1
20	IKZF4
20	IL10RB
20	IL12RB2
20	IL15
20	IL18
20	IL20RB
20	IL2RA
20	IL7
20	ILK
20	ILKAP
20	IMMP1L
20	IMPA1
20	IMPA2
20	IMPDH1
20	IMPG2
20	INF2
20	ING3
20	ING5
20	INIP
20	INO80
20	INPP5A
20	INPP5B
20	INPP5F
20	INPP5K
20	INPPL1
20	INSIG2
20	INTS10
20	INTS11
20	INTS12
20	INTS13
20	INTS14
20	INTS4
20	INTS6L
20	INTS8
20	INTS9
20	INVS
20	IP6K1
20	IP6K2
20	IPO11
20	IPO13
20	IPO8
20	IPPK
20	IQCB1
20	IQCE
20	IQCH
20	IQCK
20	IRAK1
20	IRAK4
20	IREB2
20	IRF5
20	IRF8
20	IRGQ
20	ISG20L2
20	IST1
20	ITGA1
20	ITGA10
20	ITGA3
20	ITGA6
20	ITGA9
20	ITGAE
20	ITGAL
20	ITGAM
20	ITGB1
20	ITGB1BP1
20	ITGB2
20	ITGB8
20	ITIH2
20	ITIH5
20	ITPA
20	ITPK1
20	ITPRIPL2
20	ITSN2
20	IWS1
20	JADE1
20	JADE3
20	JAK1
20	JAZF1
20	JMJD1C
20	JPT2
20	JRKL
20	KANSL1
20	KANSL2
20	KANSL3
20	KAT6A
20	KAT7
20	KATNA1
20	KATNAL2
20	KATNBL1
20	KBTBD2
20	KBTBD6
20	KCMF1
20	KCNC3
20	KCNH8
20	KCNIP1
20	KCNJ8
20	KCNK13
20	KCNK2
20	KCNK6
20	KCNMA1
20	KCNQ3
20	KCTD10
20	KCTD12
20	KCTD2
20	KCTD6
20	KCTD9
20	KDELR1
20	KDM1A
20	KDM1B
20	KDM2A
20	KDM4B
20	KDM4C
20	KDM5B
20	KDM5C
20	KDM5D
20	KDM6A
20	KDSR
20	KHDC1
20	KHDRBS1
20	KHNYN
20	KHSRP
20	KIAA0319L
20	KIAA0513
20	KIAA0586
20	KIAA0753
20	KIAA0825
20	KIAA1143
20	KIAA1191
20	KIAA1586
20	KIAA2013
20	KIDINS220
20	KIF13A
20	KIF13B
20	KIF1C
20	KIF2A
20	KIF5B
20	KIN
20	KIT
20	KLC4
20	KLF13
20	KLF3
20	KLF9
20	KLHDC10
20	KLHDC2
20	KLHDC4
20	KLHL1
20	KLHL12
20	KLHL13
20	KLHL15
20	KLHL20
20	KLHL21
20	KLHL22
20	KLHL26
20	KLHL28
20	KLHL3
20	KLHL7
20	KLHL8
20	KLHL9
20	KLKB1
20	KLRD1
20	KMO
20	KMT2B
20	KMT2C
20	KMT2D
20	KMT5A
20	KPNA1
20	KPNA3
20	KPNA5
20	KPNA6
20	KRI1
20	KRIT1
20	KTN1
20	KXD1
20	KYAT1
20	KYAT3
20	KYNU
20	L3HYPDH
20	L3MBTL2
20	L3MBTL4
20	LAMC3
20	LAMP1
20	LAMP2
20	LAMTOR1
20	LAPTM4A
20	LAPTM5
20	LARGE1
20	LARP1
20	LARS2
20	LAS1L
20	LASP1
20	LAT2
20	LATS1
20	LBR
20	LCMT1
20	LCOR
20	LCP1
20	LDAH
20	LDLRAD3
20	LDLRAD4
20	LEMD2
20	LEMD3
20	LEO1
20	LETM1
20	LETMD1
20	LGALS3BP
20	LGALSL
20	LGI2
20	LHFPL3
20	LHPP
20	LIAS
20	LIG3
20	LIG4
20	LILRA2
20	LIMA1
20	LIMD1
20	LIMK1
20	LIN52
20	LIN54
20	LIN7C
20	LINS1
20	LIX1L
20	LLGL2
20	LLPH
20	LMAN1
20	LMAN2
20	LMAN2L
20	LMBR1
20	LMBR1L
20	LMBRD2
20	LMLN
20	LMO2
20	LMTK3
20	LNPEP
20	LNX2
20	LPGAT1
20	LPP
20	LRCH3
20	LRGUK
20	LRIF1
20	LRIG2
20	LRP1
20	LRP10
20	LRP12
20	LRP2
20	LRP2BP
20	LRP8
20	LRRC1
20	LRRC2
20	LRRC20
20	LRRC23
20	LRRC25
20	LRRC40
20	LRRC41
20	LRRC53
20	LRRC57
20	LRRC58
20	LRRC59
20	LRRC63
20	LRRC69
20	LRRC8A
20	LRRC9
20	LRRFIP2
20	LRRK2
20	LRRTM2
20	LRSAM1
20	LSG1
20	LSM12
20	LSM14A
20	LSM6
20	LSM8
20	LTA4H
20	LTN1
20	LTV1
20	LUC7L
20	LUC7L3
20	LUZP1
20	LYL1
20	LYPLA1
20	LYRM1
20	LYRM2
20	LYRM4
20	LYSMD4
20	LZIC
20	LZTR1
20	M6PR
20	MACF1
20	MACROD1
20	MAGOH
20	MAGOHB
20	MAIP1
20	MALSU1
20	MAML1
20	MAN1B1
20	MAN1C1
20	MAN2B1
20	MAN2B2
20	MAN2C1
20	MANBAL
20	MAOA
20	MAP1S
20	MAP2K2
20	MAP2K7
20	MAP3K10
20	MAP3K11
20	MAP3K2
20	MAP3K20
20	MAP3K21
20	MAP3K7
20	MAP3K9
20	MAP4K1
20	MAP4K5
20	MAP7D3
20	MAPK14
20	MAPK1IP1L
20	MAPK9
20	MAPKAP1
20	MAPKAPK3
20	MAPKAPK5
20	MARK2
20	MARK3
20	MAST2
20	MAST3
20	MASTL
20	MATN2
20	MAU2
20	MAVS
20	MAX
20	MBD1
20	MBD3
20	MBD4
20	MBD6
20	MBIP
20	MBLAC2
20	MBNL2
20	MBTPS1
20	MBTPS2
20	MCF2
20	MCF2L
20	MCFD2
20	MCM3
20	MCM3AP
20	MCM5
20	MCM6
20	MCM9
20	MCMBP
20	MCOLN1
20	MCPH1
20	MCRIP1
20	MCTS1
20	MCUR1
20	MDC1
20	MDFIC
20	MDM2
20	MDN1
20	ME2
20	MECOM
20	MECR
20	MED1
20	MED12
20	MED13
20	MED14
20	MED15
20	MED17
20	MED21
20	MED22
20	MED23
20	MED25
20	MED27
20	MED28
20	MED30
20	MED4
20	MED6
20	MED7
20	MED8
20	MED9
20	MEGF10
20	MEGF11
20	MEGF8
20	MEGF9
20	MEI1
20	MEP1A
20	MEPCE
20	MERTK
20	MET
20	METAP1
20	METAP1D
20	METAP2
20	METTL13
20	METTL16
20	METTL17
20	METTL22
20	METTL23
20	METTL24
20	METTL2A
20	METTL2B
20	METTL3
20	METTL4
20	METTL5
20	METTL8
20	MEX3A
20	MFAP1
20	MFAP3L
20	MFHAS1
20	MFN2
20	MFNG
20	MFSD1
20	MFSD12
20	MFSD13A
20	MFSD14B
20	MFSD2B
20	MFSD4B
20	MFSD8
20	MGA
20	MGAT1
20	MGAT4A
20	MGRN1
20	MIA3
20	MIB1
20	MICAL1
20	MICU1
20	MICU2
20	MIEF1
20	MIER1
20	MIER3
20	MIF4GD
20	MIGA2
20	MIIP
20	MINDY2
20	MINDY3
20	MINK1
20	MIS12
20	MITD1
20	MITF
20	MKKS
20	MKRN1
20	MKRN2
20	MKRN2OS
20	MKRN3
20	MKX
20	MLEC
20	MLF1
20	MLH3
20	MLLT10
20	MLX
20	MLXIP
20	MLXIPL
20	MMAA
20	MMAB
20	MMADHC
20	MMP24
20	MMS19
20	MNT
20	MOB1A
20	MOB1B
20	MOB2
20	MOB3A
20	MOCOS
20	MOGS
20	MON1A
20	MON1B
20	MON2
20	MORC2
20	MORC3
20	MORN1
20	MOSPD2
20	MOV10L1
20	MOXD1
20	MPC1
20	MPHOSPH10
20	MPHOSPH6
20	MPHOSPH8
20	MPHOSPH9
20	MPI
20	MPST
20	MPV17
20	MPZL1
20	MR1
20	MRAS
20	MREG
20	MRFAP1L1
20	MRM2
20	MRO
20	MROH1
20	MROH8
20	MRPL1
20	MRPL13
20	MRPL15
20	MRPL22
20	MRPL35
20	MRPL39
20	MRPL4
20	MRPL42
20	MRPL45
20	MRPL48
20	MRPL50
20	MRPL58
20	MRPS10
20	MRPS11
20	MRPS14
20	MRPS16
20	MRPS18B
20	MRPS22
20	MRPS25
20	MRPS27
20	MRPS30
20	MRPS31
20	MRPS35
20	MRPS5
20	MRPS7
20	MRPS9
20	MRRF
20	MRS2
20	MRTO4
20	MSANTD2
20	MSANTD3
20	MSANTD4
20	MSH3
20	MSH6
20	MSL1
20	MSL2
20	MSL3
20	MSRB2
20	MTBP
20	MTCH2
20	MTDH
20	MTERF1
20	MTERF2
20	MTERF3
20	MTF1
20	MTF2
20	MTFMT
20	MTFR1
20	MTFR1L
20	MTG2
20	MTHFD1
20	MTIF2
20	MTIF3
20	MTM1
20	MTMR1
20	MTMR12
20	MTMR14
20	MTMR2
20	MTMR3
20	MTMR4
20	MTMR6
20	MTO1
20	MTOR
20	MTPAP
20	MTPN
20	MTR
20	MTRF1L
20	MTRR
20	MTUS1
20	MTX3
20	MUL1
20	MUTYH
20	MX1
20	MX2
20	MXRA7
20	MYADM
20	MYBBP1A
20	MYH9
20	MYLIP
20	MYLK
20	MYLK3
20	MYNN
20	MYO19
20	MYO1C
20	MYO7A
20	MYOF
20	MYOM2
20	MYPOP
20	MYT1
20	MZF1
20	N4BP1
20	N6AMT1
20	NAA16
20	NAA20
20	NAA25
20	NAA30
20	NAA35
20	NAA40
20	NAA50
20	NAA60
20	NAAA
20	NAB1
20	NABP2
20	NACC2
20	NADK
20	NADSYN1
20	NAE1
20	NAGA
20	NAIP
20	NANOS3
20	NAP1L1
20	NAP1L4
20	NAPG
20	NARF
20	NARS2
20	NAT9
20	NAV3
20	NBAS
20	NBDY
20	NBEAL1
20	NBEAL2
20	NBN
20	NBPF19
20	NBPF9
20	NCAPG2
20	NCBP2
20	NCBP3
20	NCF2
20	NCF4
20	NCKAP5
20	NCKAP5L
20	NCOA1
20	NCOA3
20	NCOA6
20	NCOR1
20	NCSTN
20	NDC1
20	NDFIP1
20	NDOR1
20	NDST1
20	NDUFA4L2
20	NDUFAF1
20	NDUFAF2
20	NDUFAF5
20	NDUFAF7
20	NDUFC2.KCTD14
20	NDUFV3
20	NEB
20	NECAP2
20	NEDD4
20	NEIL1
20	NEIL2
20	NEK10
20	NEK11
20	NEK4
20	NEK9
20	NELFB
20	NELFE
20	NEMF
20	NET1
20	NEU3
20	NEXN
20	NF1
20	NF2
20	NFATC2
20	NFATC2IP
20	NFE2L1
20	NFIC
20	NFKBIL1
20	NFRKB
20	NFU1
20	NFX1
20	NGB
20	NGDN
20	NIFK
20	NINJ1
20	NINJ2
20	NINL
20	NIPA1
20	NIPA2
20	NIPAL2
20	NIPSNAP2
20	NKAIN3
20	NKIRAS1
20	NLGN2
20	NLGN4Y
20	NLK
20	NLN
20	NLRX1
20	NMD3
20	NME9
20	NMNAT1
20	NMT1
20	NNT
20	NOA1
20	NOC2L
20	NOC3L
20	NOL11
20	NOL7
20	NOL8
20	NOL9
20	NOM1
20	NOP14
20	NOP2
20	NOP53
20	NOP9
20	NOS1
20	NOSIP
20	NOTCH2
20	NOTCH3
20	NOTCH4
20	NOXA1
20	NPAS1
20	NPC1
20	NPEPPS
20	NPIPB5
20	NPLOC4
20	NPRL3
20	NQO2
20	NR1H2
20	NR1H3
20	NR2C1
20	NR2F6
20	NR3C1
20	NR6A1
20	NRBP1
20	NRDE2
20	NREP
20	NRF1
20	NRP1
20	NSD1
20	NSD2
20	NSDHL
20	NSFL1C
20	NSL1
20	NSMCE1
20	NSMCE2
20	NSMCE4A
20	NSRP1
20	NSUN2
20	NSUN3
20	NSUN4
20	NSUN5
20	NSUN6
20	NT5DC1
20	NT5M
20	NTAN1
20	NUBP1
20	NUBP2
20	NUDCD1
20	NUDCD3
20	NUDT12
20	NUDT13
20	NUDT19
20	NUDT22
20	NUDT3
20	NUDT4
20	NUDT5
20	NUFIP1
20	NUMA1
20	NUMB
20	NUP107
20	NUP153
20	NUP155
20	NUP160
20	NUP188
20	NUP210
20	NUP214
20	NUP35
20	NUP43
20	NUP50
20	NUP54
20	NUP85
20	NUP88
20	NUP93
20	NUTF2
20	NVL
20	NXPH1
20	OARD1
20	OAS3
20	OAZ2
20	ODC1
20	OGDH
20	OGFOD1
20	OGFOD3
20	OGFR
20	OGG1
20	OGT
20	OLA1
20	OPA1
20	OPN3
20	OPRD1
20	ORAI2
20	ORC2
20	ORC3
20	ORC4
20	ORC5
20	ORMDL1
20	OS9
20	OSBP
20	OSBPL2
20	OSBPL9
20	OSCP1
20	OSGIN2
20	OSTF1
20	OSTM1
20	OTUD3
20	OTUD4
20	OTUD5
20	OTUD6B
20	OTULIN
20	OVOL2
20	OXA1L
20	OXNAD1
20	OXSR1
20	P2RY11
20	P2RY14
20	PABPC1L
20	PABPC4
20	PACS1
20	PACSIN2
20	PAFAH1B2
20	PAIP1
20	PAIP2
20	PAK1
20	PAK1IP1
20	PAK2
20	PALLD
20	PALMD
20	PANK1
20	PAPSS1
20	PAPSS2
20	PAQR3
20	PAQR8
20	PARD6A
20	PARD6G
20	PARG
20	PARP1
20	PARP10
20	PARP12
20	PARP14
20	PARP15
20	PARP4
20	PARP6
20	PATL1
20	PAWR
20	PAX8
20	PAXBP1
20	PAXIP1
20	PBRM1
20	PBX2
20	PC
20	PCCB
20	PCDH15
20	PCF11
20	PCGF3
20	PCGF5
20	PCGF6
20	PCID2
20	PCNP
20	PCOLCE2
20	PCP4L1
20	PCSK5
20	PCSK7
20	PCTP
20	PDAP1
20	PDCD10
20	PDCD2
20	PDCD6
20	PDCD6IP
20	PDCD7
20	PDE12
20	PDE1B
20	PDE3A
20	PDE4B
20	PDE4DIP
20	PDE6B
20	PDE7A
20	PDGFD
20	PDGFRB
20	PDIK1L
20	PDK1
20	PDK3
20	PDLIM5
20	PDLIM7
20	PDP2
20	PDPK1
20	PDPR
20	PDRG1
20	PDS5A
20	PDS5B
20	PDXDC1
20	PDXK
20	PDZD8
20	PELP1
20	PEMT
20	PES1
20	PEX10
20	PEX11B
20	PEX13
20	PEX14
20	PEX26
20	PEX3
20	PEX6
20	PFAS
20	PGAP2
20	PGAP3
20	PGBD1
20	PGD
20	PGGT1B
20	PGLS
20	PGP
20	PGPEP1
20	PHACTR2
20	PHACTR4
20	PHAX
20	PHC1
20	PHF10
20	PHF12
20	PHF2
20	PHF20L1
20	PHF21A
20	PHF23
20	PHF5A
20	PHF6
20	PHF8
20	PHIP
20	PHKB
20	PHLDB1
20	PHLDB2
20	PHRF1
20	PHTF1
20	PHTF2
20	PHYKPL
20	PI4K2A
20	PI4KA
20	PI4KB
20	PIAS1
20	PIAS4
20	PICALM
20	PICK1
20	PIGH
20	PIGL
20	PIGS
20	PIGT
20	PIGX
20	PIGZ
20	PIH1D1
20	PIK3AP1
20	PIK3C2A
20	PIK3C2G
20	PIK3CB
20	PIK3IP1
20	PIK3R4
20	PIK3R5
20	PIKFYVE
20	PILRB
20	PIN4
20	PIP4K2A
20	PIP4K2B
20	PIP5K1A
20	PIP5K1C
20	PIR
20	PITRM1
20	PKD2
20	PKN1
20	PKNOX1
20	PLA2G4C
20	PLAA
20	PLAGL1
20	PLB1
20	PLBD1
20	PLBD2
20	PLCB2
20	PLCE1
20	PLCXD1
20	PLEC
20	PLEKHA2
20	PLEKHA3
20	PLEKHA8
20	PLEKHG3
20	PLEKHG5
20	PLEKHH1
20	PLEKHM1
20	PLIN2
20	PLLP
20	PLOD1
20	PLOD2
20	PLOD3
20	PLPBP
20	PLPP1
20	PLS1
20	PLXDC2
20	PLXNA1
20	PLXNA2
20	PLXNC1
20	PLXND1
20	PM20D2
20	PMFBP1
20	PML
20	PMPCB
20	PMS1
20	PMVK
20	PNLDC1
20	PNN
20	PNPLA2
20	PNPLA6
20	PNPT1
20	PNRC2
20	POC1A
20	POC5
20	PODXL
20	POFUT1
20	POFUT2
20	POGK
20	POGLUT1
20	POGZ
20	POLA1
20	POLD3
20	POLDIP3
20	POLE
20	POLE2
20	POLE4
20	POLG
20	POLH
20	POLK
20	POLL
20	POLM
20	POLR1B
20	POLR1D
20	POLR2B
20	POLR2C
20	POLR2E
20	POLR2F
20	POLR2J3
20	POLR3A
20	POLR3B
20	POLR3C
20	POLR3E
20	POLR3G
20	POLR3H
20	POM121
20	POM121C
20	POMGNT2
20	POMK
20	POMT1
20	POMT2
20	POP1
20	POP5
20	POT1
20	POTEG
20	POU2F2
20	POU6F1
20	PPARGC1B
20	PPAT
20	PPCDC
20	PPCS
20	PPFIA1
20	PPHLN1
20	PPID
20	PPIE
20	PPIG
20	PPIH
20	PPIL1
20	PPIL2
20	PPIL4
20	PPIL6
20	PPIP5K1
20	PPIP5K2
20	PPM1G
20	PPM1M
20	PPP1CA
20	PPP1CC
20	PPP1R12A
20	PPP1R12C
20	PPP1R18
20	PPP1R2
20	PPP1R36
20	PPP1R3F
20	PPP1R7
20	PPP1R8
20	PPP2R1B
20	PPP2R3A
20	PPP2R3C
20	PPP2R5A
20	PPP2R5D
20	PPP3CB
20	PPP3CC
20	PPP4R1
20	PPP4R2
20	PPP4R3B
20	PPP6C
20	PPP6R1
20	PPP6R2
20	PPT1
20	PPWD1
20	PRAG1
20	PRAM1
20	PRCC
20	PRCP
20	PRDM15
20	PRDM16
20	PRDM2
20	PREB
20	PRELID3A
20	PREP
20	PREX1
20	PRKAA1
20	PRKAB2
20	PRKACA
20	PRKAG1
20	PRKAG2
20	PRKCA
20	PRKCB
20	PRKCSH
20	PRKDC
20	PRKRA
20	PRKRIP1
20	PRKX
20	PRMT2
20	PRMT3
20	PRMT5
20	PROSER1
20	PROSER3
20	PROX1
20	PRPF3
20	PRPF31
20	PRPF38A
20	PRPF39
20	PRPF4
20	PRPF40A
20	PRPF40B
20	PRPF6
20	PRPF8
20	PRPS2
20	PRPSAP1
20	PRPSAP2
20	PRR12
20	PRR14L
20	PRR16
20	PRR3
20	PRRC1
20	PRRC2A
20	PRRC2B
20	PRRG1
20	PRUNE1
20	PSAP
20	PSD4
20	PSEN1
20	PSEN2
20	PSG8
20	PSKH1
20	PSMA2
20	PSMA3
20	PSMA6
20	PSMB2
20	PSMB7
20	PSMB9
20	PSMC2
20	PSMC6
20	PSMD11
20	PSMD12
20	PSMD13
20	PSMD14
20	PSMD2
20	PSMD4
20	PSMD5
20	PSMD6
20	PSMD7
20	PSMF1
20	PSMG1
20	PSMG2
20	PSPH
20	PSTK
20	PTAR1
20	PTBP2
20	PTBP3
20	PTCD2
20	PTCD3
20	PTCH1
20	PTDSS2
20	PTEN
20	PTER
20	PTGES2
20	PTGFRN
20	PTGR1
20	PTGS1
20	PTH2R
20	PTPDC1
20	PTPN11
20	PTPN12
20	PTPN18
20	PTPN20
20	PTPN21
20	PTPN23
20	PTPN9
20	PTPRA
20	PTPRC
20	PTPRU
20	PTS
20	PTTG1IP
20	PUDP
20	PUM1
20	PUM2
20	PUM3
20	PURB
20	PUS10
20	PUS7
20	PUS7L
20	PWWP2A
20	PXDC1
20	PXDNL
20	PXK
20	PXMP4
20	PYGB
20	PYM1
20	PYROXD1
20	QDPR
20	QRICH1
20	QRICH2
20	QRSL1
20	QSOX1
20	QSOX2
20	QTRT2
20	R3HCC1L
20	R3HDM4
20	RAB11FIP2
20	RAB12
20	RAB14
20	RAB18
20	RAB1B
20	RAB23
20	RAB28
20	RAB29
20	RAB2B
20	RAB33B
20	RAB35
20	RAB37
20	RAB39A
20	RAB39B
20	RAB3B
20	RAB3D
20	RAB3GAP1
20	RAB40C
20	RAB5A
20	RAB5B
20	RAB6A
20	RAB8A
20	RAB9A
20	RAB9B
20	RABEP1
20	RABEPK
20	RABGAP1
20	RABIF
20	RABL2B
20	RABL3
20	RAC1
20	RAD1
20	RAD17
20	RAD23B
20	RAD54L2
20	RAE1
20	RAI1
20	RALA
20	RALB
20	RALBP1
20	RALGAPA1
20	RALGAPB
20	RALGDS
20	RALGPS2
20	RALY
20	RANBP10
20	RANBP3
20	RANBP6
20	RAP1GDS1
20	RAP2A
20	RAP2B
20	RAP2C
20	RAPGEF3
20	RARRES1
20	RARS2
20	RASGRP2
20	RASSF4
20	RASSF8
20	RBAK
20	RBAK.RBAKDN
20	RBBP4
20	RBBP5
20	RBBP6
20	RBBP7
20	RBCK1
20	RBFA
20	RBL1
20	RBM10
20	RBM12
20	RBM12B
20	RBM14.RBM4
20	RBM15
20	RBM17
20	RBM18
20	RBM19
20	RBM22
20	RBM23
20	RBM28
20	RBM33
20	RBM39
20	RBM4
20	RBM48
20	RBM4B
20	RBM5
20	RBM6
20	RBMS2
20	RBMX
20	RBMX2
20	RBMXL1
20	RBPMS
20	RBPMS2
20	RBSN
20	RC3H1
20	RC3H2
20	RCAN1
20	RCAN3
20	RCC1L
20	RCHY1
20	RCL1
20	RDH13
20	RDX
20	RECK
20	RECQL5
20	REEP3
20	REEP5
20	RELL1
20	RELN
20	REPS1
20	RETREG3
20	RETSAT
20	REV1
20	REV3L
20	REXO1
20	REXO2
20	REXO4
20	RFC1
20	RFC2
20	RFC4
20	RFFL
20	RFT1
20	RFTN1
20	RFTN2
20	RFWD3
20	RFX1
20	RFX2
20	RFX3
20	RFX4
20	RFXAP
20	RGMA
20	RGMB
20	RGPD8
20	RGS19
20	RGS5
20	RHBDD3
20	RHBDF2
20	RHBDL2
20	RHOG
20	RHOT1
20	RHOT2
20	RIC8B
20	RIF1
20	RILPL1
20	RIMKLB
20	RINT1
20	RIOK1
20	RIOK2
20	RIOK3
20	RIOX2
20	RIPK1
20	RIPOR1
20	RIPOR2
20	RITA1
20	RLIM
20	RMDN2
20	RMDN3
20	RMND1
20	RMND5A
20	RMND5B
20	RNASEH1
20	RNASET2
20	RNF10
20	RNF111
20	RNF115
20	RNF121
20	RNF123
20	RNF128
20	RNF138
20	RNF14
20	RNF145
20	RNF146
20	RNF167
20	RNF169
20	RNF185
20	RNF19A
20	RNF2
20	RNF20
20	RNF216
20	RNF217
20	RNF26
20	RNF34
20	RNF4
20	RNF40
20	RNF41
20	RNF6
20	RNFT1
20	RNLS
20	RNPEP
20	RNPEPL1
20	RNPS1
20	ROCK1
20	ROR1
20	RPA1
20	RPAIN
20	RPAP1
20	RPAP2
20	RPE
20	RPF1
20	RPF2
20	RPGR
20	RPIA
20	RPL27A
20	RPL3
20	RPL7L1
20	RPN2
20	RPP14
20	RPP30
20	RPRD1B
20	RPS19
20	RPS27L
20	RPS3
20	RPS4Y1
20	RPS6KA1
20	RPS6KA2
20	RPS6KA3
20	RPS6KB1
20	RPS6KB2
20	RPS6KC1
20	RPSA
20	RPTOR
20	RRAGB
20	RRAGD
20	RREB1
20	RRM1
20	RRM2B
20	RRN3
20	RRP12
20	RRP1B
20	RRP36
20	RRP7A
20	RSBN1
20	RSBN1L
20	RSL1D1
20	RSPH3
20	RSPRY1
20	RSRC2
20	RSU1
20	RTCA
20	RTCB
20	RTN4RL1
20	RUBCNL
20	RUFY1
20	RUFY2
20	RUFY3
20	RUNDC1
20	RUNX2
20	RWDD4
20	RXRA
20	RYK
20	RYR3
20	SAAL1
20	SACM1L
20	SAE1
20	SAFB
20	SAFB2
20	SAMD4B
20	SAMD5
20	SAMHD1
20	SAP130
20	SAP30BP
20	SAR1B
20	SARM1
20	SART3
20	SASH3
20	SASS6
20	SAV1
20	SBF2
20	SBNO1
20	SCAF11
20	SCAF4
20	SCAF8
20	SCAMP1
20	SCAMP3
20	SCAMP4
20	SCAP
20	SCAPER
20	SCARA3
20	SCARB2
20	SCFD2
20	SCIMP
20	SCMH1
20	SCN1B
20	SCNM1
20	SCO1
20	SCPEP1
20	SCRN1
20	SCRN3
20	SCUBE1
20	SCYL1
20	SDAD1
20	SDCCAG8
20	SDHA
20	SDHAF3
20	SDHB
20	SDHC
20	SDHD
20	SDK1
20	SDK2
20	SEC11A
20	SEC13
20	SEC22A
20	SEC22C
20	SEC23A
20	SEC24B
20	SEC24C
20	SEC31B
20	SEC61A1
20	SEC61A2
20	SECISBP2
20	SEL1L
20	SELENOF
20	SELENOI
20	SELENON
20	SELENOO
20	SEM1
20	SEMA3E
20	SEMA4B
20	SEMA4F
20	SEMA4G
20	SEMA5A
20	SEMA5B
20	SEMA6A
20	SENP1
20	SENP2
20	SENP8
20	SERAC1
20	SERBP1
20	SERGEF
20	SERINC5
20	SERPINF2
20	SETBP1
20	SETD1A
20	SETD1B
20	SETD3
20	SETD4
20	SETD5
20	SETDB1
20	SETDB2
20	SETMAR
20	SETX
20	SEZ6
20	SF3A1
20	SF3B1
20	SF3B2
20	SF3B3
20	SFI1
20	SFPQ
20	SFSWAP
20	SFT2D1
20	SFT2D2
20	SFXN2
20	SFXN4
20	SGCB
20	SGF29
20	SGMS1
20	SGO2
20	SGPL1
20	SGPP1
20	SGSM2
20	SH2B1
20	SH2D3C
20	SH3BGRL
20	SH3BP1
20	SH3BP5L
20	SH3TC2
20	SHARPIN
20	SHC1
20	SHISA5
20	SHKBP1
20	SHOC2
20	SHROOM2
20	SHROOM4
20	SIAE
20	SIDT2
20	SIGLEC10
20	SIKE1
20	SIL1
20	SIPA1
20	SIPA1L3
20	SIRPA
20	SIRPB2
20	SIRT2
20	SIRT3
20	SIRT6
20	SIRT7
20	SKAP2
20	SKI
20	SLAIN2
20	SLC10A7
20	SLC12A7
20	SLC16A1
20	SLC16A14
20	SLC16A9
20	SLC19A1
20	SLC1A4
20	SLC20A2
20	SLC22A5
20	SLC24A1
20	SLC25A13
20	SLC25A16
20	SLC25A17
20	SLC25A20
20	SLC25A24
20	SLC25A26
20	SLC25A28
20	SLC25A30
20	SLC25A32
20	SLC25A38
20	SLC25A39
20	SLC25A40
20	SLC25A42
20	SLC25A43
20	SLC25A46
20	SLC25A53
20	SLC26A11
20	SLC27A1
20	SLC27A5
20	SLC29A1
20	SLC2A1
20	SLC30A1
20	SLC30A10
20	SLC30A4
20	SLC30A5
20	SLC30A6
20	SLC30A7
20	SLC33A1
20	SLC35A3
20	SLC35A4
20	SLC35A5
20	SLC35B3
20	SLC35C2
20	SLC35D1
20	SLC35E1
20	SLC35E4
20	SLC35F5
20	SLC36A1
20	SLC36A4
20	SLC37A1
20	SLC38A10
20	SLC38A11
20	SLC38A2
20	SLC38A5
20	SLC38A7
20	SLC39A11
20	SLC39A12
20	SLC39A8
20	SLC43A1
20	SLC44A2
20	SLC45A4
20	SLC46A1
20	SLC48A1
20	SLC4A1AP
20	SLC4A2
20	SLC5A11
20	SLC5A6
20	SLC6A12
20	SLC6A6
20	SLC7A6
20	SLC7A6OS
20	SLC7A7
20	SLC7A8
20	SLC8B1
20	SLC9A5
20	SLC9A7
20	SLC9A8
20	SLC9B2
20	SLCO1C1
20	SLCO2B1
20	SLCO4A1
20	SLF2
20	SLFN12
20	SLITRK1
20	SLMAP
20	SLTM
20	SLX4
20	SMAD2
20	SMAD4
20	SMAD5
20	SMARCA1
20	SMARCA4
20	SMARCA5
20	SMARCAD1
20	SMARCAL1
20	SMARCB1
20	SMARCC1
20	SMARCC2
20	SMARCD2
20	SMARCD3
20	SMARCE1
20	SMC2
20	SMC3
20	SMC4
20	SMCO4
20	SMCR8
20	SMG5
20	SMG6
20	SMG7
20	SMIM12
20	SMIM13
20	SMIM15
20	SMIM19
20	SMIM7
20	SMPD4
20	SMU1
20	SMURF1
20	SMYD5
20	SNAI3
20	SNAP29
20	SNAP47
20	SNAPC3
20	SNAPC4
20	SNCA
20	SNF8
20	SNIP1
20	SNRK
20	SNRNP200
20	SNRNP40
20	SNRNP48
20	SNRNP70
20	SNRPA
20	SNRPC
20	SNRPD3
20	SNUPN
20	SNX10
20	SNX11
20	SNX12
20	SNX19
20	SNX25
20	SNX27
20	SNX3
20	SNX31
20	SNX4
20	SNX5
20	SNX6
20	SNX7
20	SOCS4
20	SOCS5
20	SOCS7
20	SON
20	SORBS3
20	SORD
20	SORT1
20	SOS2
20	SOX4
20	SOX6
20	SP110
20	SP140
20	SP140L
20	SP2
20	SP3
20	SPAG1
20	SPARC
20	SPATA2
20	SPATC1L
20	SPATS2
20	SPATS2L
20	SPCS3
20	SPDYA
20	SPEF2
20	SPEN
20	SPG11
20	SPG21
20	SPG7
20	SPHK2
20	SPI1
20	SPIDR
20	SPIRE1
20	SPN
20	SPOUT1
20	SPRTN
20	SPSB1
20	SPTLC1
20	SPTSSB
20	SRD5A3
20	SREK1IP1
20	SRFBP1
20	SRGAP3
20	SRP54
20	SRP68
20	SRP72
20	SRPK1
20	SRPRA
20	SRPRB
20	SRR
20	SRRM1
20	SRRM2
20	SRRT
20	SRSF1
20	SRSF10
20	SRSF12
20	SRSF5
20	SRSF6
20	SS18
20	SS18L1
20	SSBP1
20	SSH1
20	SSH2
20	SSH3
20	SSPN
20	SSR1
20	SSR2
20	SSR3
20	ST18
20	ST3GAL2
20	ST3GAL3
20	ST3GAL5
20	ST6GALNAC6
20	ST7L
20	ST8SIA6
20	STAC3
20	STAG1
20	STAM2
20	STAMBP
20	STAMBPL1
20	STARD13
20	STARD3
20	STARD3NL
20	STAT1
20	STAT5A
20	STAT6
20	STAU2
20	STIM1
20	STK11IP
20	STK24
20	STK32A
20	STK32C
20	STK35
20	STK36
20	STK38
20	STN1
20	STOX1
20	STPG1
20	STRADA
20	STRADB
20	STRBP
20	STRIP1
20	STRN
20	STRN3
20	STS
20	STT3A
20	STT3B
20	STX10
20	STX16.NPEPL1
20	STX18
20	STX2
20	STX3
20	STX5
20	STX6
20	STX8
20	STXBP3
20	STXBP4
20	STYX
20	SUCLA2
20	SUCLG1
20	SUCLG2
20	SUDS3
20	SUFU
20	SUGP1
20	SUGP2
20	SULF2
20	SUMF2
20	SUMO4
20	SUPT16H
20	SUPT20H
20	SUPT3H
20	SUPT5H
20	SUPT6H
20	SUPT7L
20	SUPV3L1
20	SURF4
20	SURF6
20	SUV39H2
20	SUZ12
20	SV2C
20	SVIL
20	SYCP2
20	SYCP2L
20	SYMPK
20	SYNCRIP
20	SYNRG
20	SYS1
20	SYT17
20	SYT2
20	SZRD1
20	SZT2
20	TAB3
20	TACC1
20	TACR1
20	TADA1
20	TADA2A
20	TADA2B
20	TADA3
20	TAF11
20	TAF12
20	TAF13
20	TAF15
20	TAF1B
20	TAF3
20	TAF4
20	TAF5L
20	TAF6
20	TAF6L
20	TAF7
20	TAGLN2
20	TAMM41
20	TANC2
20	TANGO6
20	TANK
20	TAOK1
20	TAOK2
20	TAPBP
20	TAPBPL
20	TARDBP
20	TARS2
20	TASP1
20	TATDN1
20	TATDN2
20	TAX1BP1
20	TBC1D10B
20	TBC1D13
20	TBC1D15
20	TBC1D16
20	TBC1D2
20	TBC1D20
20	TBC1D22B
20	TBC1D23
20	TBC1D25
20	TBC1D31
20	TBC1D9B
20	TBCA
20	TBCCD1
20	TBCD
20	TBCE
20	TBCEL
20	TBL1XR1
20	TBL2
20	TBP
20	TBPL1
20	TCAIM
20	TCEA1
20	TCF12
20	TCF25
20	TCF3
20	TCF4
20	TCF7L1
20	TCHP
20	TCOF1
20	TCP1
20	TCP11L1
20	TCTA
20	TCTN1
20	TDO2
20	TDP2
20	TDRKH
20	TECPR1
20	TECPR2
20	TEF
20	TEFM
20	TELO2
20	TERF1
20	TESC
20	TET1
20	TET2
20	TEX10
20	TEX11
20	TEX2
20	TEX22
20	TEX261
20	TFB2M
20	TFDP1
20	TFE3
20	TFEB
20	TFG
20	TFIP11
20	TGDS
20	TGFB1
20	TGOLN2
20	TGS1
20	THAP12
20	THAP3
20	THAP4
20	THAP5
20	THEM4
20	THEM6
20	THOC1
20	THOC2
20	THOC5
20	THOP1
20	THUMPD2
20	THUMPD3
20	TIAL1
20	TIGAR
20	TIMELESS
20	TIMM10B
20	TIMM21
20	TIMM22
20	TIMM23
20	TIMM23B
20	TIMM29
20	TIMM9
20	TIMMDC1
20	TIPIN
20	TIPRL
20	TIRAP
20	TJAP1
20	TJP2
20	TKT
20	TLDC2
20	TLE4
20	TLK1
20	TLK2
20	TLL1
20	TLN1
20	TLN2
20	TLR1
20	TLR10
20	TLR5
20	TLR6
20	TM2D1
20	TM7SF3
20	TM9SF2
20	TM9SF4
20	TMA16
20	TMBIM6
20	TMC8
20	TMCC2
20	TMCO1
20	TMED10
20	TMED3
20	TMED4
20	TMED7.TICAM2
20	TMED8
20	TMEM104
20	TMEM106A
20	TMEM106C
20	TMEM109
20	TMEM11
20	TMEM117
20	TMEM120A
20	TMEM120B
20	TMEM127
20	TMEM128
20	TMEM131
20	TMEM138
20	TMEM140
20	TMEM143
20	TMEM144
20	TMEM161A
20	TMEM170A
20	TMEM170B
20	TMEM177
20	TMEM179B
20	TMEM184B
20	TMEM185A
20	TMEM192
20	TMEM196
20	TMEM209
20	TMEM219
20	TMEM222
20	TMEM223
20	TMEM229B
20	TMEM230
20	TMEM237
20	TMEM241
20	TMEM243
20	TMEM248
20	TMEM260
20	TMEM263
20	TMEM266
20	TMEM30A
20	TMEM33
20	TMEM38A
20	TMEM41A
20	TMEM41B
20	TMEM43
20	TMEM50A
20	TMEM51
20	TMEM62
20	TMEM65
20	TMEM69
20	TMEM79
20	TMEM80
20	TMEM87A
20	TMEM87B
20	TMEM94
20	TMEM97
20	TMF1
20	TMIGD3
20	TMOD3
20	TMPO
20	TMTC4
20	TMUB2
20	TMX1
20	TMX3
20	TNFAIP1
20	TNFAIP8L1
20	TNFRSF11A
20	TNFRSF21
20	TNFSF10
20	TNFSF13B
20	TNIP1
20	TNK2
20	TNKS
20	TNKS2
20	TNNT2
20	TNPO1
20	TNPO2
20	TNPO3
20	TNS1
20	TNS3
20	TOGARAM1
20	TOMM34
20	TOMM40
20	TOMM70
20	TONSL
20	TOP1
20	TOP3A
20	TOPBP1
20	TOPORS
20	TOR1A
20	TOR1AIP1
20	TOR1AIP2
20	TOR1B
20	TOX2
20	TOX3
20	TOX4
20	TP53
20	TP53BP1
20	TP53I3
20	TPD52
20	TPD52L2
20	TPGS2
20	TPMT
20	TPP1
20	TPP2
20	TPR
20	TPST2
20	TPT1
20	TRA2A
20	TRAF2
20	TRAF3
20	TRAF3IP1
20	TRAF3IP2
20	TRAF6
20	TRAK1
20	TRAM1
20	TRAM2
20	TRAP1
20	TRAPPC10
20	TRAPPC11
20	TRAPPC12
20	TRAPPC13
20	TRAPPC2
20	TRAPPC3
20	TRAPPC6B
20	TRAPPC8
20	TRAPPC9
20	TRDMT1
20	TREM2
20	TRERF1
20	TRIB2
20	TRIM11
20	TRIM13
20	TRIM14
20	TRIM24
20	TRIM27
20	TRIM33
20	TRIM35
20	TRIM36
20	TRIM38
20	TRIM4
20	TRIM41
20	TRIM44
20	TRIM5
20	TRIM52
20	TRIM65
20	TRIO
20	TRIP11
20	TRIP12
20	TRIP4
20	TRIT1
20	TRMT10B
20	TRMT10C
20	TRMT11
20	TRMT12
20	TRMT13
20	TRMT2B
20	TRMT44
20	TRMT61B
20	TRMU
20	TRNAU1AP
20	TRNT1
20	TRPC3
20	TRPC4AP
20	TRPC6
20	TRPM2
20	TRPM4
20	TRPM7
20	TRPS1
20	TRRAP
20	TRUB2
20	TSEN2
20	TSEN54
20	TSG101
20	TSHZ1
20	TSN
20	TSNARE1
20	TSNAX
20	TSPAN14
20	TSPAN31
20	TSPAN9
20	TSR3
20	TSSC4
20	TSTD2
20	TTC1
20	TTC19
20	TTC21B
20	TTC23
20	TTC27
20	TTC33
20	TTC38
20	TTC39C
20	TTC7B
20	TTC9C
20	TTF1
20	TTF2
20	TTI2
20	TTL
20	TTLL1
20	TTLL5
20	TTPAL
20	TTYH2
20	TUBA1C
20	TUBD1
20	TUBGCP2
20	TUBGCP3
20	TUBGCP4
20	TUG1
20	TULP3
20	TULP4
20	TVP23A
20	TVP23B
20	TWIST2
20	TXK
20	TXLNG
20	TXN2
20	TXNDC12
20	TXNDC15
20	TXNDC9
20	TXNL4B
20	TXNRD1
20	TXNRD2
20	TXNRD3
20	TYK2
20	TYSND1
20	TYW1
20	TYW1B
20	TYW3
20	TYW5
20	U2AF1
20	U2AF2
20	U2SURP
20	UACA
20	UBA1
20	UBA3
20	UBAC1
20	UBALD1
20	UBALD2
20	UBAP2
20	UBE2D1
20	UBE2D2
20	UBE2E1
20	UBE2G1
20	UBE2G2
20	UBE2I
20	UBE2J2
20	UBE2K
20	UBE2L3
20	UBE2L6
20	UBE2N
20	UBE2Q2
20	UBE2R2
20	UBE2Z
20	UBE3A
20	UBE3B
20	UBE3C
20	UBE4A
20	UBFD1
20	UBLCP1
20	UBN1
20	UBOX5
20	UBP1
20	UBQLN1
20	UBQLN4
20	UBR2
20	UBR3
20	UBR5
20	UBTD1
20	UBTF
20	UBXN4
20	UCHL5
20	UCK1
20	UEVLD
20	UFL1
20	UFM1
20	UFSP2
20	UGDH
20	UGGT1
20	UGGT2
20	UGP2
20	UGT8
20	UHMK1
20	UIMC1
20	ULK4
20	UMPS
20	UNC13B
20	UNC13D
20	UNC45A
20	UNC50
20	UNC93B1
20	UNK
20	UPF2
20	UPF3A
20	UPF3B
20	UPRT
20	UQCC1
20	UQCRC2
20	URGCP
20	UROS
20	USF2
20	USF3
20	USHBP1
20	USO1
20	USP1
20	USP12
20	USP13
20	USP14
20	USP16
20	USP20
20	USP22
20	USP25
20	USP28
20	USP3
20	USP31
20	USP33
20	USP34
20	USP39
20	USP42
20	USP45
20	USP46
20	USP47
20	USP48
20	USP7
20	USP8
20	USP9Y
20	UTP11
20	UTP14A
20	UTP14C
20	UTP18
20	UTP20
20	UTP23
20	UTP3
20	UTY
20	UXS1
20	VAC14
20	VAMP1
20	VAMP2
20	VAMP3
20	VAMP4
20	VAMP7
20	VAPB
20	VAT1
20	VAT1L
20	VAV1
20	VAV2
20	VAV3
20	VCAN
20	VCL
20	VCP
20	VCPIP1
20	VCPKMT
20	VEZF1
20	VEZT
20	VGLL4
20	VHL
20	VILL
20	VIPAS39
20	VKORC1L1
20	VLDLR
20	VOPP1
20	VPS11
20	VPS13D
20	VPS16
20	VPS18
20	VPS26B
20	VPS29
20	VPS33A
20	VPS35
20	VPS36
20	VPS4B
20	VPS51
20	VPS52
20	VPS53
20	VPS54
20	VPS9D1
20	VRK3
20	VTA1
20	VTI1A
20	VWA8
20	VWF
20	WAC
20	WAPL
20	WARS2
20	WAS
20	WASF2
20	WASHC2A
20	WASHC2C
20	WASHC5
20	WASL
20	WBP11
20	WDFY1
20	WDR1
20	WDR11
20	WDR12
20	WDR20
20	WDR25
20	WDR26
20	WDR3
20	WDR33
20	WDR35
20	WDR36
20	WDR37
20	WDR4
20	WDR41
20	WDR44
20	WDR45B
20	WDR46
20	WDR48
20	WDR5
20	WDR53
20	WDR7
20	WDR73
20	WDR75
20	WDR77
20	WDR83
20	WDR89
20	WFS1
20	WHAMM
20	WIPF1
20	WIPF2
20	WNK3
20	WRN
20	WRNIP1
20	WSCD1
20	WWC2
20	WWC3
20	WWTR1
20	XIAP
20	XKR6
20	XKR9
20	XPA
20	XPC
20	XPNPEP1
20	XPNPEP3
20	XPO1
20	XPO4
20	XPO5
20	XPO6
20	XPOT
20	XPR1
20	XRCC1
20	XRCC3
20	XRCC4
20	XRCC5
20	XRCC6
20	XRRA1
20	XXYLT1
20	XYLB
20	XYLT1
20	XYLT2
20	YAF2
20	YAP1
20	YARS2
20	YBEY
20	YDJC
20	YEATS2
20	YIPF1
20	YIPF5
20	YIPF6
20	YKT6
20	YPEL5
20	YRDC
20	YTHDC1
20	YTHDC2
20	YTHDF1
20	YTHDF2
20	YWHAB
20	YWHAQ
20	YY1
20	YY1AP1
20	ZBED4
20	ZBTB1
20	ZBTB10
20	ZBTB14
20	ZBTB16
20	ZBTB17
20	ZBTB21
20	ZBTB24
20	ZBTB26
20	ZBTB33
20	ZBTB38
20	ZBTB4
20	ZBTB40
20	ZBTB41
20	ZBTB43
20	ZBTB46
20	ZBTB48
20	ZBTB49
20	ZBTB5
20	ZBTB7A
20	ZBTB8OS
20	ZC3H12D
20	ZC3H15
20	ZC3H18
20	ZC3H4
20	ZC3H7A
20	ZC3H7B
20	ZC3H8
20	ZC3HC1
20	ZC4H2
20	ZCCHC10
20	ZCCHC14
20	ZCCHC17
20	ZCCHC24
20	ZCCHC3
20	ZCCHC4
20	ZCCHC7
20	ZCCHC8
20	ZDBF2
20	ZDHHC14
20	ZDHHC15
20	ZDHHC18
20	ZDHHC3
20	ZDHHC5
20	ZDHHC6
20	ZDHHC7
20	ZEB2
20	ZFAND1
20	ZFAND6
20	ZFHX4
20	ZFP30
20	ZFP62
20	ZFP82
20	ZFP91
20	ZFR
20	ZFX
20	ZFY
20	ZFYVE1
20	ZFYVE16
20	ZFYVE19
20	ZFYVE26
20	ZFYVE27
20	ZFYVE9
20	ZGRF1
20	ZIC1
20	ZKSCAN1
20	ZKSCAN5
20	ZMAT3
20	ZMAT5
20	ZMIZ2
20	ZMPSTE24
20	ZMYM2
20	ZMYM4
20	ZMYM5
20	ZMYM6
20	ZMYND19
20	ZNF100
20	ZNF106
20	ZNF12
20	ZNF131
20	ZNF133
20	ZNF134
20	ZNF136
20	ZNF14
20	ZNF140
20	ZNF141
20	ZNF142
20	ZNF143
20	ZNF146
20	ZNF16
20	ZNF160
20	ZNF169
20	ZNF175
20	ZNF180
20	ZNF189
20	ZNF195
20	ZNF197
20	ZNF200
20	ZNF202
20	ZNF207
20	ZNF208
20	ZNF217
20	ZNF219
20	ZNF22
20	ZNF224
20	ZNF227
20	ZNF232
20	ZNF234
20	ZNF235
20	ZNF24
20	ZNF25
20	ZNF251
20	ZNF257
20	ZNF26
20	ZNF264
20	ZNF274
20	ZNF276
20	ZNF28
20	ZNF280C
20	ZNF281
20	ZNF283
20	ZNF292
20	ZNF3
20	ZNF30
20	ZNF302
20	ZNF316
20	ZNF317
20	ZNF320
20	ZNF322
20	ZNF326
20	ZNF330
20	ZNF335
20	ZNF337
20	ZNF341
20	ZNF346
20	ZNF354A
20	ZNF354B
20	ZNF354C
20	ZNF384
20	ZNF385A
20	ZNF407
20	ZNF41
20	ZNF423
20	ZNF426
20	ZNF429
20	ZNF43
20	ZNF430
20	ZNF431
20	ZNF432
20	ZNF44
20	ZNF440
20	ZNF445
20	ZNF449
20	ZNF45
20	ZNF451
20	ZNF454
20	ZNF460
20	ZNF461
20	ZNF473
20	ZNF480
20	ZNF484
20	ZNF496
20	ZNF500
20	ZNF512
20	ZNF516
20	ZNF518B
20	ZNF525
20	ZNF529
20	ZNF546
20	ZNF549
20	ZNF552
20	ZNF557
20	ZNF558
20	ZNF561
20	ZNF562
20	ZNF566
20	ZNF567
20	ZNF568
20	ZNF569
20	ZNF570
20	ZNF571
20	ZNF577
20	ZNF580
20	ZNF582
20	ZNF586
20	ZNF587
20	ZNF589
20	ZNF592
20	ZNF595
20	ZNF600
20	ZNF611
20	ZNF614
20	ZNF621
20	ZNF623
20	ZNF626
20	ZNF627
20	ZNF639
20	ZNF644
20	ZNF649
20	ZNF654
20	ZNF655
20	ZNF672
20	ZNF675
20	ZNF681
20	ZNF692
20	ZNF7
20	ZNF70
20	ZNF700
20	ZNF706
20	ZNF708
20	ZNF714
20	ZNF727
20	ZNF736
20	ZNF737
20	ZNF75A
20	ZNF75D
20	ZNF76
20	ZNF761
20	ZNF770
20	ZNF777
20	ZNF778
20	ZNF780A
20	ZNF783
20	ZNF785
20	ZNF786
20	ZNF789
20	ZNF79
20	ZNF790
20	ZNF791
20	ZNF793
20	ZNF800
20	ZNF804A
20	ZNF808
20	ZNF81
20	ZNF813
20	ZNF814
20	ZNF821
20	ZNF823
20	ZNF83
20	ZNF839
20	ZNF84
20	ZNF865
20	ZNF883
20	ZNF91
20	ZNF98
20	ZNRF1
20	ZRANB1
20	ZRANB2
20	ZRANB3
20	ZRSR2
20	ZSCAN12
20	ZSCAN18
20	ZSCAN20
20	ZSCAN25
20	ZSCAN29
20	ZSCAN5A
20	ZSWIM4
20	ZSWIM6
20	ZSWIM7
20	ZSWIM8
20	ZW10
20	ZXDC
20	ZYG11B
20	ZZEF1
20	ZZZ3
21	ABCA2
21	ABCF1
21	ACAT2
21	ACSL6
21	ACTL6B
21	ADH5
21	ADO
21	ADPRHL1
21	AGAP3
21	AGT
21	AK4
21	AKR7A2
21	AKT1S1
21	ALDH6A1
21	AMZ2
21	ANKRD40
21	ANO8
21	ANP32E
21	ANXA6
21	APLP1
21	APOD
21	APOL2
21	ARHGDIA
21	ARHGEF17
21	ARL4A
21	ARL8A
21	ARMCX2
21	ARMCX3
21	ARPC4
21	ARVCF
21	ASB3
21	ASB6
21	ASPDH
21	ASPHD1
21	ATF4
21	ATG9A
21	ATP13A1
21	ATP1A1
21	ATP6AP1
21	ATP6AP2
21	ATP6V1B2
21	ATP6V1D
21	AUP1
21	B3GAT1
21	B4GALT3
21	B4GALT6
21	BASP1
21	BCAR1
21	BCL7A
21	BCL7B
21	BCS1L
21	BLOC1S2
21	BLOC1S6
21	BOD1
21	BRK1
21	BZW1
21	C14orf132
21	C17orf58
21	C1QL1
21	C2orf80
21	C4orf3
21	C8orf33
21	C9orf78
21	CADM3
21	CALCOCO1
21	CALM1
21	CAMK2A
21	CAMK2B
21	CAMLG
21	CARMIL2
21	CBR3
21	CBX1
21	CBX4
21	CCDC107
21	CCDC127
21	CCDC34
21	CCDC85B
21	CCKBR
21	CCSAP
21	CD47
21	CD59
21	CDC42EP4
21	CDIP1
21	CDIPT
21	CDKN1B
21	CDO1
21	CERS2
21	CFAP20
21	CFAP36
21	CFL2
21	CHD3
21	CHERP
21	CHMP3
21	CHPF
21	CHRM1
21	CHRNA4
21	CHRNB2
21	CHST1
21	CHTF18
21	CIC
21	CIPC
21	CISD3
21	CKMT1B
21	CLPP
21	CLPTM1
21	CLPTM1L
21	CLSTN1
21	CMTM5
21	CNN3
21	CNOT3
21	CNR1
21	CNTFR
21	COA5
21	COL16A1
21	COPRS
21	COPS6
21	COPS7A
21	COX20
21	COX7A2L
21	CPLX2
21	CPNE7
21	CPSF1
21	CRAT
21	CRLF1
21	CRMP1
21	CSRP1
21	CSTF2T
21	CTSF
21	CX3CL1
21	CXXC5
21	CYFIP2
21	CYP1B1
21	DACT3
21	DAPK3
21	DBN1
21	DCTN1
21	DDAH1
21	DDN
21	DDX41
21	DHCR24
21	DHCR7
21	DIRAS2
21	DKK3
21	DLG4
21	DLX1
21	DMAP1
21	DNAJC30
21	DNER
21	DUS1L
21	DUSP26
21	DUSP6
21	DVL1
21	DVL2
21	DYRK1B
21	ECHS1
21	ECI1
21	EDNRB
21	EFHD2
21	EFNB3
21	EHD3
21	EIF3G
21	EIF3I
21	EIF3J
21	EIF5A
21	ELOF1
21	EMX1
21	ENPP4
21	ENPP5
21	EPDR1
21	ERF
21	ERGIC3
21	ETFB
21	ETV1
21	F3
21	FAAP20
21	FAHD2A
21	FAM107A
21	FAM131B
21	FAM133A
21	FAM200B
21	FAM50A
21	FARSA
21	FASTK
21	FBL
21	FBXO45
21	FDPS
21	FEM1B
21	FGFR3
21	FH
21	FHL1
21	FIBP
21	FKBP8
21	FNDC4
21	FNDC5
21	FOXG1
21	FRG1
21	G6PD
21	GABRA1
21	GABRG1
21	GAD1
21	GAMT
21	GAP43
21	GDAP1L1
21	GFER
21	GHDC
21	GID8
21	GLT8D1
21	GMFB
21	GOLGA7
21	GOT2
21	GPAA1
21	GPKOW
21	GPM6A
21	GPM6B
21	GPR22
21	GPR37L1
21	GPRASP1
21	GPRC5B
21	GPRIN1
21	GPS1
21	GPSM1
21	GRHPR
21	GRINA
21	GSK3A
21	GSTA4
21	HAGH
21	HDAC11
21	HDDC2
21	HDHD2
21	HEPACAM
21	HEXIM1
21	HEY2
21	HGS
21	HINT2
21	HIRIP3
21	HMGCR
21	HMOX2
21	HNRNPA0
21	HPCAL1
21	HPCAL4
21	HPF1
21	HR
21	HRAS
21	HSBP1
21	HSF4
21	HSP90AB1
21	HSPA13
21	HSPA8
21	HTATSF1
21	HYI
21	ID4
21	IFT27
21	IGFBP2
21	IGFBP6
21	IGIP
21	IK
21	IMP3
21	INA
21	ING1
21	ING2
21	INPP1
21	INTS1
21	IQSEC1
21	ISCA1
21	ISOC2
21	JOSD2
21	JRK
21	KATNB1
21	KCNC4
21	KCNIP3
21	KCNJ10
21	KCNJ4
21	KCNJ9
21	KCNK12
21	KCNS1
21	KIF17
21	KIF1A
21	KLF16
21	KLHDC3
21	KPNA2
21	LAMP5
21	LAMTOR3
21	LANCL1
21	LDOC1
21	LIMD2
21	LINGO1
21	LMO4
21	LRPAP1
21	LRRC3B
21	LRRC47
21	LRRC8D
21	LSM4
21	LUC7L2
21	LZTS2
21	MAG
21	MAGEE1
21	MAL
21	MAN2A2
21	MANSC1
21	MAOB
21	MAP3K12
21	MAP7D1
21	MAP7D2
21	MAP9
21	MAPK8IP2
21	MATK
21	MED10
21	MED29
21	MEIS3
21	MFSD4A
21	MGAT4B
21	MGST1
21	MLST8
21	MMP17
21	MOG
21	MPC2
21	MPP2
21	MPV17L2
21	MRAP2
21	MRFAP1
21	MRPL19
21	MRPL27
21	MRPL33
21	MRPL46
21	MRPL47
21	MRPS23
21	MT.ND6
21	MTURN
21	MUS81
21	MVD
21	MYRF
21	NAPRT
21	NBL1
21	NCAN
21	NCKIPSD
21	NCL
21	NDFIP2
21	NDRG2
21	NDUFA5
21	NDUFA9
21	NDUFAF8
21	NDUFB9
21	NDUFS6
21	NECAB1
21	NEFH
21	NEFL
21	NENF
21	NFIX
21	NFKBIB
21	NGEF
21	NGRN
21	NIPSNAP1
21	NKX6.2
21	NME4
21	NOL3
21	NOMO1
21	NOVA2
21	NPTXR
21	NR1D1
21	NR2E1
21	NR2F1
21	NRIP3
21	NSA2
21	NT5C3B
21	NTMT1
21	NTNG2
21	NUDCD2
21	NUDT21
21	NUMBL
21	OCIAD1
21	OPRL1
21	OPTN
21	OTUB1
21	PAQR6
21	PARL
21	PARP2
21	PBDC1
21	PCDHB10
21	PCED1A
21	PCMT1
21	PCYT2
21	PDHA1
21	PDHB
21	PDP1
21	PEA15
21	PEF1
21	PEG10
21	PEG3
21	PELI3
21	PFKP
21	PGM2L1
21	PGRMC2
21	PHKG2
21	PHLDA1
21	PHLDA3
21	PHYHIPL
21	PKM
21	PLD3
21	PLEKHB1
21	PLEKHB2
21	PLP1
21	PLPPR3
21	PLRG1
21	PLXNA3
21	PLXNB1
21	PMP2
21	PMPCA
21	PNMA6A
21	PNMA8B
21	PODXL2
21	POLDIP2
21	POLR2M
21	POLRMT
21	POMP
21	PORCN
21	POU3F2
21	POU3F3
21	PPP1R11
21	PPP1R16A
21	PPP1R1A
21	PPP1R37
21	PRAF2
21	PRDX6
21	PRELID3B
21	PREPL
21	PRKACB
21	PRKCG
21	PRKCZ
21	PRR13
21	PRR7
21	PRRT3
21	PRSS3
21	PSAT1
21	PSMA4
21	PSMC3
21	PSMC5
21	PSMD10
21	PSME3
21	PTP4A1
21	PUF60
21	PURA
21	PVALB
21	R3HCC1
21	RAB11FIP5
21	RAB24
21	RAB3C
21	RABL6
21	RACK1
21	RAD21
21	RAPGEFL1
21	RASGRP1
21	RBX1
21	RCN1
21	RDH11
21	RER1
21	RHBDD2
21	RIDA
21	RIMS4
21	RNASEH2A
21	RND2
21	RNF103
21	RNF11
21	RNF187
21	RNH1
21	ROGDI
21	RPL22
21	RPS4X
21	RPS6KL1
21	RSAD1
21	RTL6
21	RTN4
21	RXRB
21	S1PR1
21	SAC3D1
21	SAMD1
21	SAMD14
21	SARAF
21	SATB1
21	SBK1
21	SCAF1
21	SCAMP5
21	SCCPDH
21	SCD
21	SCD5
21	SCG2
21	SCG3
21	SCN2B
21	SCNN1D
21	SCRIB
21	SDC4
21	SDR39U1
21	SEC14L2
21	SEMA3B
21	SEPHS2
21	SERINC1
21	SERINC3
21	SERTM1
21	SEZ6L2
21	SH2D5
21	SHANK3
21	SIGMAR1
21	SLC1A2
21	SLC22A18
21	SLC25A1
21	SLC25A18
21	SLC26A3
21	SLC27A4
21	SLC2A4RG
21	SLC35A1
21	SLC39A6
21	SLC3A1
21	SLC41A3
21	SLC4A3
21	SLC6A8
21	SLC9A6
21	SMIM10L1
21	SMIM10L2B
21	SNPH
21	SNRPG
21	SNTA1
21	SOX2
21	SPARCL1
21	SPECC1L
21	SPOCK2
21	SPRYD7
21	SPTBN2
21	SPTSSA
21	SRF
21	SRSF8
21	SSB
21	SSBP4
21	ST13
21	STEAP2
21	STMN4
21	SULT1A1
21	SV2A
21	SVIP
21	SYF2
21	SYNGR3
21	SYNM
21	SYP
21	SYT4
21	TALDO1
21	TBCC
21	TBKBP1
21	TBRG4
21	TESK1
21	TF
21	TFPT
21	THAP7
21	THRA
21	THY1
21	TIMM50
21	TMEM106B
21	TMEM107
21	TMEM115
21	TMEM130
21	TMEM134
21	TMEM147
21	TMEM151B
21	TMEM158
21	TMEM183A
21	TMEM203
21	TMEM25
21	TMEM250
21	TMEM35A
21	TMEM8B
21	TMUB1
21	TMX4
21	TOMM20
21	TPBG
21	TPGS1
21	TPPP
21	TPPP3
21	TPRG1L
21	TPRN
21	TRABD2A
21	TRIM28
21	TRIM32
21	TRMT6
21	TRNP1
21	TRUB1
21	TSPYL4
21	TSR2
21	TTC9
21	TTYH1
21	TUB
21	TUBA1B
21	TUBA4A
21	TUBB
21	TUBB2B
21	TUBG2
21	TUFM
21	TUNAR
21	UAP1L1
21	UBE2Q1
21	UBE2QL1
21	UBE2W
21	UBR7
21	UCKL1
21	UMAD1
21	UROD
21	USP11
21	USP2
21	USP5
21	VDAC3
21	VIM
21	VMA21
21	VPS4A
21	VSTM2A
21	VSTM2L
21	WASF1
21	WASF3
21	WDR13
21	WDR45
21	WDR6
21	WDR74
21	WIF1
21	WRAP73
21	XAB2
21	ZCRB1
21	ZDHHC16
21	ZDHHC22
21	ZDHHC23
21	ZFYVE21
21	ZMAT2
21	ZNF358
21	ZNF444
21	ZNF771
21	ZNHIT3
